Season,FifaVersion,Name,Team,Age,Overall,Potential,Crossing,Finishing,HeadingAccuracy,ShortPassing,Volleys,Dribbling,Curve,FKAccuracy,LongPassing,BallControl,Acceleration,SprintSpeed,Agility,Reactions,Balance,ShotPower,Jumping,Stamina,Strength,LongShots,Aggression,Interceptions,Positioning,Vision,Penalties,Composure,Marking,StandingTackle,SlidingTackle,GKDiving,GKHandling,GKKicking,GKPositioning,GKReflexes
2021-2022,FIFA 22,M. Salah,Liverpool,29,91,91,81,93,59,85,84,92,84,69,77,90,90,91,91,94,91,83,69,87,75,85,63,55,92,86,86,92,38,43,41,14,14,9,11,14
2021-2022,FIFA 22,K. De Bruyne,Manchester City,30,91,91,94,83,55,93,83,88,85,83,93,90,76,76,79,91,78,92,63,88,74,91,75,66,88,94,83,89,68,65,53,15,13,5,10,13
2021-2022,FIFA 22,Cristiano Ronaldo,Manchester United,36,91,91,84,94,90,80,86,86,81,79,77,88,82,87,82,94,72,94,95,77,77,92,63,29,95,76,90,95,24,32,24,7,11,15,14,11
2021-2022,FIFA 22,N. Kanté,Chelsea,30,90,90,68,65,54,82,56,79,49,49,79,81,82,75,82,93,92,71,77,97,72,65,93,91,72,78,54,84,90,93,86,15,12,10,7,10
2021-2022,FIFA 22,V. van Dijk,Liverpool,29,90,90,53,52,87,79,45,70,60,70,86,76,70,90,61,89,53,81,88,74,93,64,85,90,47,65,62,90,92,92,86,13,10,13,11,11
2021-2022,FIFA 22,S. Mané,Liverpool,29,89,89,78,86,84,84,75,88,77,64,71,86,92,90,93,91,88,83,87,85,72,78,75,35,90,84,75,84,42,42,38,10,10,15,7,14
2021-2022,FIFA 22,Alisson,Liverpool,28,89,90,17,13,29,55,20,27,19,18,56,40,56,47,40,87,37,63,52,32,78,14,27,11,13,66,23,68,15,19,16,86,86,84,90,89
2021-2022,FIFA 22,Ederson,Manchester City,27,89,91,20,14,14,61,18,23,15,20,66,40,64,63,60,88,48,70,66,41,78,18,38,27,20,70,51,70,29,15,8,87,82,93,88,88
2021-2022,FIFA 22,H. Son,Tottenham Hotspur,28,89,89,83,89,68,84,79,87,85,74,74,84,85,90,87,91,79,88,60,88,64,89,62,39,91,84,73,89,47,34,33,11,13,13,6,10
2021-2022,FIFA 22,H. Kane,Tottenham Hotspur,27,89,89,80,94,85,84,87,83,82,65,85,85,67,69,68,92,71,92,79,83,84,86,80,44,94,87,92,92,50,36,38,8,10,11,14,11
2021-2022,FIFA 22,João Cancelo,Manchester City,27,88,89,88,69,72,88,62,85,87,69,79,87,86,84,80,85,78,80,72,90,62,79,73,82,81,84,52,86,81,84,80,6,9,15,14,14
2021-2022,FIFA 22,Rúben Dias,Manchester City,24,88,91,54,29,87,82,32,64,46,48,76,74,58,69,61,88,56,74,78,87,89,22,92,85,39,51,45,81,90,89,85,7,8,13,7,12
2021-2022,FIFA 22,Fabinho,Liverpool,27,87,88,75,63,75,84,47,78,71,53,82,81,65,68,64,86,64,81,75,88,81,70,85,88,70,76,90,85,86,88,86,13,12,6,8,8
2021-2022,FIFA 22,A. Robertson,Liverpool,27,87,87,88,55,67,82,32,81,82,71,76,83,83,85,78,85,74,76,62,95,65,65,85,83,77,80,55,83,83,84,81,11,8,10,7,14
2021-2022,FIFA 22,T. Alexander-Arnold,Liverpool,22,87,90,92,62,69,87,63,78,87,85,91,86,78,82,73,83,73,82,66,89,66,75,74,83,78,90,55,82,79,83,80,14,15,14,6,7
2021-2022,FIFA 22,R. Sterling,Manchester City,26,87,87,79,82,46,83,67,87,79,72,69,85,95,88,94,90,93,78,57,79,65,80,59,30,91,82,70,77,47,53,47,15,12,12,15,9
2021-2022,FIFA 22,Bernardo Silva,Manchester City,26,87,88,85,78,51,87,78,92,85,67,76,91,83,77,94,85,92,79,51,93,54,76,75,60,83,85,68,90,59,71,53,9,10,14,12,9
2021-2022,FIFA 22,Rodri,Manchester City,25,87,89,63,64,80,86,59,78,65,54,83,84,60,62,65,82,65,89,72,88,84,82,82,83,75,81,46,84,84,86,78,10,10,7,14,8
2021-2022,FIFA 22,De Gea,Manchester United,30,87,87,17,13,21,48,13,18,21,19,43,38,57,58,63,89,43,57,67,43,55,12,38,30,12,58,29,60,25,21,13,88,80,76,84,89
2021-2022,FIFA 22,Bruno Fernandes,Manchester United,26,87,88,85,83,64,88,87,80,87,85,88,85,77,73,81,91,79,88,73,91,66,88,80,64,86,91,90,80,66,73,65,12,14,15,8,14
2021-2022,FIFA 22,H. Lloris,Tottenham Hotspur,34,87,87,13,10,9,43,15,12,12,10,45,29,61,62,54,84,56,49,74,41,43,14,31,25,9,51,40,59,24,12,18,88,83,65,84,88
2021-2022,FIFA 22,Thiago Silva,Chelsea,36,86,86,60,40,82,81,61,67,62,61,82,79,52,54,67,83,66,71,88,68,82,65,76,89,59,71,60,86,88,86,84,9,12,5,9,10
2021-2022,FIFA 22,R. Lukaku,Chelsea,28,86,86,73,89,87,77,78,82,78,66,70,77,76,86,60,86,52,87,75,67,95,74,71,27,86,75,88,82,30,41,30,8,15,14,7,10
2021-2022,FIFA 22,A. Rüdiger,Chelsea,28,86,87,68,40,82,80,34,64,42,56,78,72,72,87,56,85,50,77,84,71,90,67,92,85,49,61,40,78,88,87,84,14,15,10,12,8
2021-2022,FIFA 22,É. Mendy,Chelsea,29,86,87,10,5,10,44,9,13,13,14,46,31,36,33,50,86,33,61,39,37,72,9,22,13,6,50,13,58,10,11,13,85,83,81,85,88
2021-2022,FIFA 22,Thiago,Liverpool,30,86,86,78,68,54,91,82,89,85,77,89,92,72,55,89,84,90,75,82,76,60,73,78,82,75,88,75,90,68,74,74,6,11,7,9,13
2021-2022,FIFA 22,R. Mahrez,Manchester City,30,86,86,81,84,56,83,76,91,85,78,75,90,84,79,92,83,88,84,56,75,57,83,48,39,83,83,80,83,45,31,22,15,9,13,11,6
2021-2022,FIFA 22,A. Laporte,Manchester City,27,86,88,58,45,84,83,40,63,61,69,81,78,59,67,57,87,60,68,80,72,84,47,81,87,54,65,44,84,86,87,86,10,11,5,14,5
2021-2022,FIFA 22,P. Pogba,Manchester United,28,86,86,75,75,74,87,84,89,85,82,92,89,61,75,71,80,65,90,82,69,89,84,79,62,78,90,80,88,56,67,63,5,6,2,4,3
2021-2022,FIFA 22,J. Vardy,Leicester City,34,86,86,69,89,78,74,84,78,69,61,60,83,85,85,76,90,75,87,80,76,66,68,86,49,90,74,85,86,45,52,54,15,14,7,15,11
2021-2022,FIFA 22,Jorginho,Chelsea,29,85,85,75,64,56,92,71,79,75,76,89,87,61,50,77,82,72,71,58,87,66,62,79,81,69,88,89,84,67,81,71,14,7,13,14,8
2021-2022,FIFA 22,Roberto Firmino,Liverpool,29,85,85,73,78,78,84,80,87,81,65,76,88,77,75,85,86,86,79,81,87,74,76,75,58,82,83,72,88,55,64,42,8,11,9,6,10
2021-2022,FIFA 22,Diogo Jota,Liverpool,24,85,89,73,86,84,77,79,85,77,58,72,84,88,82,87,87,86,85,81,83,72,75,85,56,89,77,69,80,53,57,45,7,12,15,9,11
2021-2022,FIFA 22,İ. Gündoğan,Manchester City,30,85,85,78,81,50,88,75,86,86,80,85,89,66,65,77,86,77,79,61,74,73,81,70,78,83,86,80,87,76,75,67,11,14,5,5,13
2021-2022,FIFA 22,K. Walker,Manchester City,31,85,85,77,51,74,80,57,79,76,71,81,81,88,94,66,85,69,86,83,86,80,69,84,80,68,69,63,75,76,84,83,12,6,16,15,8
2021-2022,FIFA 22,R. Varane,Manchester United,28,85,86,42,46,86,78,42,59,46,52,75,76,79,85,62,82,39,52,80,70,87,53,78,85,55,59,43,82,85,87,85,11,11,9,5,14
2021-2022,FIFA 22,J. Sancho,Manchester United,21,85,89,80,79,38,86,83,91,84,65,70,88,85,78,91,81,90,71,51,71,64,65,44,39,81,85,74,85,32,39,32,7,11,10,11,13
2021-2022,FIFA 22,T. Partey,Arsenal,28,84,84,74,66,68,87,56,84,69,70,85,83,63,74,75,82,50,86,83,82,84,78,84,81,70,85,49,86,80,84,80,11,13,9,9,7
2021-2022,FIFA 22,E. Martínez,Aston Villa,28,84,84,22,16,26,50,13,13,22,20,51,35,59,57,49,80,49,62,60,40,70,16,37,13,12,66,42,60,11,20,20,85,83,82,83,85
2021-2022,FIFA 22,M. Kovačić,Chelsea,27,84,84,73,61,42,90,76,89,79,70,84,89,78,66,87,82,84,79,75,79,65,75,77,75,73,86,59,84,73,76,68,9,5,6,7,7
2021-2022,FIFA 22,K. Havertz,Chelsea,22,84,91,74,81,80,84,80,86,84,53,78,85,77,86,78,83,75,74,75,77,69,77,42,38,82,81,73,84,39,46,38,6,8,11,10,12
2021-2022,FIFA 22,J. Matip,Liverpool,29,84,84,54,36,84,80,50,74,63,22,74,74,58,67,55,86,42,66,78,69,82,48,84,86,48,72,42,80,88,88,82,11,15,10,7,10
2021-2022,FIFA 22,L. Díaz,Liverpool,24,84,87,76,80,62,76,74,89,75,53,71,87,92,92,88,83,75,84,73,84,69,82,70,25,81,77,63,83,28,38,34,10,13,13,14,14
2021-2022,FIFA 22,J. Grealish,Manchester City,25,84,85,80,76,36,84,72,88,78,74,81,87,79,79,85,79,84,76,32,80,70,78,60,44,81,86,58,88,48,49,43,11,6,11,10,13
2021-2022,FIFA 22,P. Foden,Manchester City,21,84,92,75,79,47,85,59,87,73,63,78,89,86,82,91,83,91,82,49,80,47,77,64,59,82,85,64,84,58,59,47,8,15,6,10,13
2021-2022,FIFA 22,K. Trippier,Newcastle United,30,84,84,86,54,79,81,58,74,86,84,80,82,74,73,73,81,79,79,78,86,64,70,73,80,76,80,66,77,79,81,80,11,14,8,11,10
2021-2022,FIFA 22,Y. Tielemans,Leicester City,24,84,87,82,74,67,89,78,81,84,78,88,85,67,55,67,84,77,87,66,85,69,87,68,73,80,87,77,85,70,73,68,6,8,10,14,12
2021-2022,FIFA 22,W. Ndidi,Leicester City,24,84,86,53,50,70,78,68,72,60,60,75,77,65,69,69,87,66,80,89,89,78,69,88,88,64,62,57,80,86,88,84,13,14,7,7,13
2021-2022,FIFA 22,M. Ødegaard,Arsenal,22,83,89,84,75,52,84,76,85,83,85,81,85,80,75,85,74,83,76,46,79,56,77,63,65,79,86,63,78,65,49,51,14,15,15,8,10
2021-2022,FIFA 22,L. Digne,Aston Villa,27,83,83,88,60,72,81,68,78,83,83,73,84,81,77,74,83,78,83,92,86,69,76,76,82,73,75,60,81,76,78,80,6,12,9,6,13
2021-2022,FIFA 22,Azpilicueta,Chelsea,31,83,83,80,46,78,79,51,68,68,58,79,77,68,63,67,86,73,68,83,77,70,60,87,83,62,72,66,78,85,85,84,13,9,10,6,5
2021-2022,FIFA 22,H. Ziyech,Chelsea,28,83,83,88,73,52,86,74,83,90,78,89,84,78,75,84,83,78,83,33,78,58,80,73,51,81,88,67,79,44,57,41,11,7,11,8,14
2021-2022,FIFA 22,T. Werner,Chelsea,25,83,86,69,81,76,79,84,82,70,58,55,83,93,89,82,87,76,85,75,83,65,77,63,37,88,68,78,79,39,20,19,9,9,8,15,9
2021-2022,FIFA 22,B. Chilwell,Chelsea,24,83,86,84,58,69,80,65,79,71,67,74,81,77,76,71,81,72,74,86,88,69,47,73,78,78,75,52,75,78,80,82,10,7,14,7,10
2021-2022,FIFA 22,M. Mount,Chelsea,22,83,89,83,80,59,86,75,82,82,83,83,85,77,73,80,84,76,81,54,86,58,82,68,59,81,83,69,84,55,57,41,11,12,13,8,12
2021-2022,FIFA 22,R. James,Chelsea,21,83,87,86,65,70,82,62,82,82,76,77,81,78,82,73,79,87,82,74,82,84,69,74,76,77,79,52,80,80,81,78,8,12,7,13,11
2021-2022,FIFA 22,Raphinha,Leeds United,24,83,86,79,77,45,74,72,87,81,77,73,84,90,91,88,83,79,83,74,86,65,79,76,55,82,77,78,80,47,54,38,8,7,13,8,14
2021-2022,FIFA 22,J. Henderson,Liverpool,31,83,83,82,73,64,85,71,78,80,74,87,83,67,66,69,85,67,77,78,86,78,75,83,81,78,80,64,80,77,81,76,7,13,7,9,13
2021-2022,FIFA 22,J. Stones,Manchester City,27,83,86,62,52,84,83,44,72,52,37,75,83,69,75,66,82,59,55,83,77,78,44,80,83,52,67,52,80,84,85,82,7,15,11,10,8
2021-2022,FIFA 22,Gabriel Jesus,Manchester City,24,83,86,74,83,78,78,77,87,76,54,66,85,87,81,91,84,87,83,79,82,69,76,75,32,85,77,75,78,45,30,28,13,8,6,6,15
2021-2022,FIFA 22,P. Højbjerg,Tottenham Hotspur,25,83,85,68,68,65,83,64,78,70,74,81,80,58,54,65,84,67,85,65,87,79,80,87,82,68,73,56,84,83,84,72,9,7,12,11,11
2021-2022,FIFA 22,D. Rice,West Ham United,22,83,88,55,61,72,83,50,78,58,58,82,79,70,74,55,80,67,74,74,90,78,65,84,84,58,79,71,83,82,84,80,8,11,14,5,9
2021-2022,FIFA 22,K. Schmeichel,Leicester City,34,83,83,18,12,16,41,15,12,13,15,46,40,42,49,60,82,47,59,60,34,63,14,35,20,13,59,26,67,14,14,13,81,78,79,81,86
2021-2022,FIFA 22,Ricardo Pereira,Leicester City,27,83,83,80,66,67,82,59,81,78,52,77,83,84,81,79,82,82,74,75,79,69,64,79,78,77,77,61,81,80,84,83,16,12,15,11,11
2021-2022,FIFA 22,Rúben Neves,Wolverhampton Wanderers,24,83,88,80,65,53,88,82,75,85,82,88,82,63,58,68,80,72,85,66,81,67,82,83,80,62,87,76,86,77,79,76,16,12,10,8,10
2021-2022,FIFA 22,A. Lacazette,Arsenal,30,82,82,68,80,75,82,79,83,74,74,72,83,76,72,81,82,82,87,76,68,76,78,74,42,83,76,82,80,39,45,32,11,6,9,5,6
2021-2022,FIFA 22,B. Saka,Arsenal,19,82,89,81,75,45,80,66,86,79,69,65,82,86,82,84,79,83,72,54,80,58,67,66,68,82,81,70,78,65,69,67,7,8,13,9,13
2021-2022,FIFA 22,Coutinho,Aston Villa,29,82,82,78,75,48,80,78,89,90,86,77,89,74,65,89,80,92,82,58,74,52,86,59,49,80,82,70,79,55,54,47,12,7,9,14,6
2021-2022,FIFA 22,A. Christensen,Chelsea,25,82,86,51,36,80,80,25,67,41,39,73,76,60,76,61,84,60,37,79,68,77,20,75,85,32,62,36,79,85,84,83,10,12,8,6,8
2021-2022,FIFA 22,C. Pulisic,Chelsea,22,82,88,74,74,50,77,70,88,70,58,59,85,91,84,87,78,88,77,79,76,54,57,45,33,79,80,61,80,38,32,47,8,12,13,16,14
2021-2022,FIFA 22,E. Cavani,Manchester United,34,82,82,66,85,85,73,86,71,76,74,52,77,60,65,64,85,57,86,87,70,75,74,81,54,92,74,84,82,45,48,39,12,5,13,13,10
2021-2022,FIFA 22,L. Shaw,Manchester United,25,82,84,82,44,76,80,56,78,82,54,69,80,76,79,75,77,77,72,83,76,81,54,85,78,76,80,38,81,80,81,78,10,12,13,7,7
2021-2022,FIFA 22,M. Rashford,Manchester United,23,82,86,75,81,68,76,73,83,83,76,70,81,85,91,85,80,75,92,74,80,73,78,69,39,78,76,85,75,40,38,33,11,6,15,7,14
2021-2022,FIFA 22,C. Romero,Tottenham Hotspur,23,82,87,42,48,83,72,52,54,40,38,56,68,76,73,72,80,68,51,86,79,82,36,89,82,43,41,40,80,84,85,84,5,7,11,10,14
2021-2022,FIFA 22,Ł. Fabiański,West Ham United,36,82,82,14,13,11,20,17,14,18,12,32,22,50,47,53,74,44,53,69,25,65,20,43,16,15,52,22,63,14,12,13,82,82,71,83,82
2021-2022,FIFA 22,T. Souček,West Ham United,26,82,84,69,73,83,80,59,74,63,53,76,77,55,63,66,81,54,73,90,92,84,70,78,83,76,72,70,78,81,82,79,11,13,5,6,8
2021-2022,FIFA 22,J. Maddison,Leicester City,24,82,84,81,75,35,84,70,83,86,84,82,86,78,71,87,76,83,83,54,74,51,80,68,44,81,85,74,84,59,65,42,11,14,14,12,14
2021-2022,FIFA 22,R. Jiménez,Wolverhampton Wanderers,30,82,82,73,81,80,81,80,82,75,51,75,80,67,79,76,82,65,84,74,81,83,74,82,53,82,78,92,81,45,38,30,7,11,13,14,10
2021-2022,FIFA 22,W. Zaha,Crystal Palace,28,82,82,75,78,47,75,68,91,71,54,67,86,88,90,87,75,81,83,58,78,77,72,75,32,76,74,78,81,30,34,32,15,10,15,11,10
2021-2022,FIFA 22,C. Eriksen,Brentford,29,82,82,86,73,52,89,80,77,89,87,90,90,63,62,72,79,81,84,49,59,52,85,46,56,74,86,67,87,59,57,22,9,14,7,7,6
2021-2022,FIFA 22,B. Leno,Arsenal,29,81,81,9,9,13,50,10,16,9,8,48,35,55,56,52,77,44,56,73,43,70,14,28,25,7,56,23,62,27,15,18,82,78,75,80,83
2021-2022,FIFA 22,K. Tierney,Arsenal,24,81,87,83,52,59,78,38,79,72,56,68,77,86,83,76,79,77,79,81,86,74,66,84,77,75,74,42,75,78,78,77,13,16,8,12,13
2021-2022,FIFA 22,Gabriel,Arsenal,23,81,87,38,31,85,75,28,52,47,27,72,65,62,73,51,81,37,51,70,67,87,30,81,80,44,59,40,74,83,84,80,12,8,13,10,7
2021-2022,FIFA 22,A. Ramsdale,Arsenal,23,81,86,15,14,15,54,16,18,17,16,54,35,47,50,53,80,49,63,66,35,59,15,35,24,18,64,25,65,20,16,15,82,77,84,78,84
2021-2022,FIFA 22,L. Bailey,Aston Villa,23,81,84,74,79,57,73,74,85,79,79,65,82,93,93,86,79,84,79,77,63,61,78,55,21,80,79,71,75,45,25,18,12,13,6,15,14
2021-2022,FIFA 22,Allan,Everton,30,81,81,70,71,56,81,56,78,68,49,75,80,74,68,78,82,86,73,64,92,70,66,89,74,77,73,53,85,82,85,82,13,13,5,5,8
2021-2022,FIFA 22,J. Pickford,Everton,27,81,83,17,19,15,50,20,14,18,16,56,40,53,44,55,75,55,65,77,45,70,13,45,24,18,69,45,65,21,20,12,82,76,87,78,86
2021-2022,FIFA 22,D. Calvert-Lewin,Everton,24,81,85,65,82,89,72,73,76,64,54,47,80,76,89,72,81,65,79,91,78,83,65,78,35,84,64,77,76,38,31,23,12,12,8,7,11
2021-2022,FIFA 22,Richarlison,Everton,24,81,86,73,81,83,78,75,85,74,65,61,83,85,81,79,81,73,83,86,81,77,72,84,46,82,74,77,81,45,58,48,12,7,8,11,13
2021-2022,FIFA 22,K. Phillips,Leeds United,25,81,85,70,62,66,82,55,73,62,71,82,80,69,67,72,76,72,75,82,85,78,68,86,78,66,75,58,79,80,82,78,8,8,8,12,14
2021-2022,FIFA 22,J. Gomez,Liverpool,24,81,86,69,26,74,78,24,67,41,29,65,73,75,85,63,80,65,41,76,67,83,26,81,83,51,60,26,74,81,82,81,8,13,14,7,7
2021-2022,FIFA 22,Fernandinho,Manchester City,36,81,81,68,66,70,82,70,76,68,71,79,81,66,52,68,82,77,82,84,62,75,75,84,82,69,65,61,80,84,82,79,12,11,5,13,7
2021-2022,FIFA 22,H. Maguire,Manchester United,28,81,82,51,48,87,78,49,71,48,46,80,74,47,53,45,79,41,80,87,76,90,52,84,83,61,70,59,78,78,82,76,14,16,9,14,9
2021-2022,FIFA 22,S. McTominay,Manchester United,24,81,84,68,71,78,79,62,78,72,53,80,77,62,69,66,80,60,85,73,85,85,81,89,83,70,75,60,76,77,80,74,9,6,6,10,11
2021-2022,FIFA 22,A. Saint-Maximin,Newcastle United,24,81,84,73,72,53,76,63,92,76,58,64,83,93,90,93,78,89,82,73,77,74,70,43,20,76,75,58,83,29,21,23,10,9,12,7,7
2021-2022,FIFA 22,J. Ward-Prowse,Southampton,26,81,82,89,71,57,85,51,76,93,94,84,82,66,54,75,75,76,82,65,91,64,79,76,67,68,82,79,79,64,74,65,12,12,10,15,15
2021-2022,FIFA 22,Lucas Moura,Tottenham Hotspur,28,81,81,70,76,73,72,70,86,71,68,67,82,90,88,91,79,92,83,91,76,59,74,79,54,77,71,74,79,36,43,44,9,10,14,7,14
2021-2022,FIFA 22,A. Areola,West Ham United,28,81,83,20,19,14,48,16,15,16,16,37,22,56,54,58,75,58,56,72,38,80,14,26,23,17,51,25,64,13,18,12,85,79,75,78,84
2021-2022,FIFA 22,K. Zouma,West Ham United,26,81,84,49,47,84,72,47,50,60,59,68,64,54,74,52,78,52,63,91,67,93,49,84,80,49,60,59,73,81,82,79,14,14,7,9,15
2021-2022,FIFA 22,João Moutinho,Wolverhampton Wanderers,34,81,81,82,68,66,87,74,76,84,80,84,85,55,45,75,75,85,76,69,75,57,74,74,71,68,84,70,90,73,72,69,13,15,15,13,13
2021-2022,FIFA 22,José Sá,Wolverhampton Wanderers,28,81,82,18,15,14,30,17,17,12,21,20,19,50,53,62,78,40,55,70,34,75,18,35,18,17,47,11,42,14,19,15,83,77,73,79,83
2021-2022,FIFA 22,Nélson Semedo,Wolverhampton Wanderers,27,81,81,77,50,58,75,42,81,63,30,65,80,86,85,87,79,80,74,81,84,68,58,81,77,73,63,38,79,74,79,76,16,12,10,14,12
2021-2022,FIFA 22,N. Pope,Burnley,29,81,81,11,14,11,31,14,15,13,12,35,24,50,47,36,76,42,55,72,37,75,15,36,21,13,45,22,63,14,15,14,80,82,73,81,83
2021-2022,FIFA 22,Y. Bissouma,Brighton & Hove Albion,24,81,86,65,58,65,82,65,81,62,75,78,79,71,73,73,79,77,83,80,82,75,79,77,83,68,76,58,80,80,85,78,12,8,8,12,8
2021-2022,FIFA 22,N. Pépé,Arsenal,26,80,81,76,76,57,75,70,85,81,79,66,81,88,88,88,74,79,80,66,75,68,76,43,33,77,74,85,75,36,34,30,11,14,11,6,8
2021-2022,FIFA 22,E. Smith Rowe,Arsenal,20,80,87,74,73,36,81,60,84,72,58,67,81,83,79,75,77,75,70,34,75,61,67,52,28,80,80,64,78,37,30,31,11,8,14,8,10
2021-2022,FIFA 22,D. Ings,Aston Villa,28,80,80,66,82,78,75,76,78,72,70,61,79,78,76,76,82,77,82,79,73,69,82,67,46,83,72,81,82,38,45,34,10,13,12,16,6
2021-2022,FIFA 22,Marcos Alonso,Chelsea,30,80,80,84,70,83,83,76,78,85,86,75,83,62,54,64,80,56,84,73,83,74,75,75,75,77,74,63,79,71,80,78,9,7,13,9,12
2021-2022,FIFA 22,Kepa,Chelsea,26,80,83,25,11,18,51,18,10,25,19,52,33,34,33,41,70,39,64,71,37,51,14,18,21,15,57,24,63,19,18,16,79,78,85,77,82
2021-2022,FIFA 22,Saúl,Chelsea,26,80,81,69,73,80,81,76,80,73,60,80,80,69,72,73,79,68,80,80,78,76,79,75,79,77,80,68,80,77,78,77,7,13,12,10,9
2021-2022,FIFA 22,N. Keïta,Liverpool,26,80,81,62,74,42,83,71,85,64,70,75,86,77,65,88,80,90,76,52,76,62,73,78,76,74,80,58,82,69,68,64,7,14,15,14,9
2021-2022,FIFA 22,I. Konaté,Liverpool,22,80,88,38,29,79,75,28,67,32,27,69,69,71,85,60,75,54,45,75,65,87,31,79,80,37,51,41,74,78,85,79,9,7,9,9,15
2021-2022,FIFA 22,Fred,Manchester United,28,80,80,74,61,56,83,62,80,77,74,80,80,81,76,88,86,87,78,82,93,52,68,85,83,73,76,64,75,72,81,70,7,16,15,11,15
2021-2022,FIFA 22,Alex Telles,Manchester United,28,80,80,84,63,66,80,66,77,87,79,79,79,79,82,75,79,70,87,81,83,62,83,76,79,76,78,83,75,74,77,76,13,8,12,11,14
2021-2022,FIFA 22,V. Lindelöf,Manchester United,26,80,82,62,42,76,79,38,70,64,53,81,76,61,65,62,81,60,72,77,77,76,52,83,84,51,72,54,83,82,82,79,12,16,8,7,9
2021-2022,FIFA 22,A. Wan-Bissaka,Manchester United,23,80,83,70,44,50,72,43,76,72,45,58,72,82,87,84,76,71,70,67,77,71,44,75,82,69,63,44,72,75,84,90,9,8,6,8,8
2021-2022,FIFA 22,D. Henderson,Manchester United,24,80,84,14,9,13,45,5,13,13,10,45,32,51,48,61,79,56,59,63,34,60,6,20,11,8,52,16,60,15,14,14,80,79,78,76,83
2021-2022,FIFA 22,Bruno Guimarães,Newcastle United,23,80,85,68,66,60,84,66,81,75,62,83,82,67,69,74,80,77,64,59,84,75,67,77,78,71,82,65,81,77,78,73,7,11,15,11,11
2021-2022,FIFA 22,E. Dier,Tottenham Hotspur,27,80,81,64,52,82,74,51,65,68,76,76,72,52,55,36,79,46,84,71,74,91,74,88,76,53,64,74,76,79,81,82,11,14,6,13,9
2021-2022,FIFA 22,S. Bergwijn,Tottenham Hotspur,23,80,83,76,76,60,79,76,84,78,65,64,82,87,85,79,79,89,84,68,74,75,80,54,34,78,78,68,76,52,36,32,11,14,12,14,13
2021-2022,FIFA 22,Reguilón,Tottenham Hotspur,24,80,83,79,53,72,78,43,79,73,43,71,79,84,86,76,77,74,69,64,76,65,58,77,78,76,73,42,74,76,79,76,11,14,9,5,12
2021-2022,FIFA 22,D. Kulusevski,Tottenham Hotspur,21,80,86,81,74,54,80,80,84,84,61,70,84,79,85,77,78,69,75,66,83,78,82,67,55,76,81,65,81,50,64,58,14,5,10,10,5
2021-2022,FIFA 22,A. Ogbonna,West Ham United,33,80,80,51,25,82,70,30,61,51,36,69,63,50,60,52,77,51,68,81,64,81,46,78,82,44,55,39,75,82,83,80,5,3,5,4,4
2021-2022,FIFA 22,M. Antonio,West Ham United,31,80,80,75,78,84,75,70,79,66,60,72,76,79,87,80,82,79,78,91,75,88,68,84,45,82,74,75,73,51,56,53,12,13,8,14,10
2021-2022,FIFA 22,V. Coufal,West Ham United,28,80,80,81,50,70,75,61,73,75,42,73,76,76,77,74,78,84,66,84,87,76,59,86,76,69,69,49,72,78,81,78,13,12,12,6,13
2021-2022,FIFA 22,H. Barnes,Leicester City,23,80,83,78,78,46,76,68,82,76,69,69,81,85,86,81,81,79,80,59,73,64,79,53,43,80,77,54,78,45,47,44,6,5,11,8,10
2021-2022,FIFA 22,Jonny,Wolverhampton Wanderers,27,80,80,78,51,69,76,46,76,66,54,64,77,77,75,73,76,80,68,75,77,59,49,82,79,67,69,46,74,79,81,80,7,10,12,10,6
2021-2022,FIFA 22,J. Tarkowski,Burnley,28,80,80,59,40,82,70,40,60,54,53,73,66,50,62,55,79,53,63,85,71,84,38,84,82,43,65,52,78,83,81,80,14,8,12,9,7
2021-2022,FIFA 22,W. Weghorst,Burnley,28,80,80,42,80,90,76,80,65,40,37,49,79,59,66,62,83,44,84,79,84,90,72,85,34,82,67,71,81,44,67,30,11,9,14,16,12
2021-2022,FIFA 22,Cucurella,Brighton & Hove Albion,22,80,85,81,68,57,79,55,81,78,48,79,80,78,75,78,81,83,73,77,88,66,65,76,77,77,78,47,77,76,78,77,13,7,9,10,11
2021-2022,FIFA 22,G. Xhaka,Arsenal,28,79,79,71,50,62,84,50,66,76,77,84,80,48,52,49,73,61,90,33,82,79,75,91,71,62,77,63,67,71,68,68,7,8,11,7,13
2021-2022,FIFA 22,B. White,Arsenal,23,79,86,53,22,74,79,21,72,45,20,78,76,69,71,63,80,55,50,79,78,76,25,77,83,39,67,24,80,82,82,79,8,11,12,5,6
2021-2022,FIFA 22,J. McGinn,Aston Villa,26,79,80,64,71,59,79,71,80,66,61,86,78,73,67,77,76,80,83,75,90,78,76,79,73,72,76,55,68,72,78,71,9,13,12,10,12
2021-2022,FIFA 22,E. Buendía,Aston Villa,24,79,82,76,73,72,82,68,83,78,74,79,84,75,72,80,76,87,80,68,68,63,72,83,60,73,84,62,77,67,68,61,11,10,13,7,9
2021-2022,FIFA 22,M. Cash,Aston Villa,23,79,83,80,66,49,73,48,74,66,48,70,73,79,81,85,78,69,67,77,87,58,64,82,76,65,67,44,72,75,76,78,15,16,13,13,8
2021-2022,FIFA 22,E. Konsa,Aston Villa,23,79,86,51,34,78,74,35,70,37,38,72,74,73,82,64,80,71,58,78,74,78,32,75,79,50,58,38,79,83,80,79,14,8,11,13,9
2021-2022,FIFA 22,G. Sigurðsson,Everton,31,79,79,85,74,60,82,77,78,87,84,78,83,55,53,66,77,61,84,65,77,64,83,57,58,78,80,78,80,57,61,55,13,8,10,15,12
2021-2022,FIFA 22,M. Keane,Everton,28,79,80,57,50,82,70,40,61,53,33,72,65,52,55,52,76,59,58,85,68,86,46,77,78,29,60,48,72,80,81,77,16,7,8,14,11
2021-2022,FIFA 22,A. Doucouré,Everton,28,79,79,69,75,69,81,68,79,44,42,77,81,67,76,65,79,68,84,73,90,82,77,78,81,77,75,54,77,76,80,76,15,12,12,15,14
2021-2022,FIFA 22,D. van de Beek,Everton,24,79,84,65,75,69,80,80,76,78,65,78,84,67,69,75,77,69,82,71,78,74,77,76,72,78,79,61,84,72,72,71,7,12,8,10,14
2021-2022,FIFA 22,O. Zinchenko,Manchester City,24,79,82,81,58,70,81,61,80,81,76,78,82,75,71,78,78,78,77,72,75,63,71,74,77,75,78,59,80,78,78,76,15,11,13,11,11
2021-2022,FIFA 22,N. Matić,Manchester United,32,79,79,68,59,70,82,71,74,70,63,82,78,33,43,47,78,49,84,63,53,80,67,76,80,61,72,64,82,81,80,70,7,15,12,14,9
2021-2022,FIFA 22,C. Wilson,Newcastle United,29,79,79,61,83,78,72,71,77,63,45,62,79,77,84,75,80,72,78,70,69,80,68,74,40,84,70,83,79,38,40,27,10,15,8,10,6
2021-2022,FIFA 22,M. Dúbravka,Newcastle United,32,79,79,12,10,12,48,11,19,15,13,45,35,48,44,47,73,60,59,74,38,60,17,28,25,12,55,20,59,19,15,14,78,76,79,77,80
2021-2022,FIFA 22,D. Sánchez,Tottenham Hotspur,25,79,80,36,44,78,73,32,62,31,27,67,70,68,80,61,78,58,66,76,70,83,44,85,80,34,48,44,77,78,79,84,9,7,10,6,15
2021-2022,FIFA 22,R. Bentancur,Tottenham Hotspur,24,79,83,76,55,62,83,71,82,71,68,81,83,69,75,70,77,74,69,73,86,74,65,78,78,64,78,64,81,79,81,78,8,7,14,14,12
2021-2022,FIFA 22,A. Cresswell,West Ham United,31,79,79,83,54,68,77,48,76,80,76,69,77,72,67,73,78,81,71,86,75,61,66,73,77,60,68,59,73,78,78,79,14,7,9,9,12
2021-2022,FIFA 22,J. Bowen,West Ham United,24,79,82,79,80,64,75,66,82,71,70,67,79,78,76,79,77,83,74,64,80,62,76,57,37,79,74,70,75,49,40,36,14,8,14,10,7
2021-2022,FIFA 22,Pablo Fornals,West Ham United,25,79,82,77,72,50,81,72,79,71,70,78,83,70,67,76,75,75,77,50,84,67,78,71,71,76,80,55,77,70,72,71,9,11,12,7,15
2021-2022,FIFA 22,N. Vlašić,West Ham United,23,79,84,71,74,65,78,71,82,70,72,74,80,81,82,78,76,88,80,55,76,70,81,68,26,76,77,66,77,54,52,37,6,14,15,9,14
2021-2022,FIFA 22,J. Evans,Leicester City,33,79,79,52,28,80,72,46,51,34,37,65,69,51,49,45,80,57,42,79,67,80,24,82,79,30,57,44,81,86,81,78,12,16,16,15,8
2021-2022,FIFA 22,T. Castagne,Leicester City,25,79,81,79,59,69,75,40,77,58,33,70,78,77,78,71,78,66,62,72,84,66,52,75,78,77,69,47,68,77,75,72,14,9,15,10,15
2021-2022,FIFA 22,Ç. Söyüncü,Leicester City,25,79,81,46,39,75,76,48,62,39,39,64,69,67,76,64,77,57,65,76,70,82,44,89,78,42,55,52,76,76,81,79,6,7,7,7,7
2021-2022,FIFA 22,C. Coady,Wolverhampton Wanderers,28,79,80,67,51,76,81,56,62,58,60,85,79,41,51,48,80,54,68,84,80,74,63,68,81,50,72,60,80,81,80,74,8,15,10,12,8
2021-2022,FIFA 22,Guaita,Crystal Palace,34,79,79,34,11,20,42,13,16,32,20,33,24,51,52,63,74,48,58,68,41,62,15,24,27,13,52,29,62,23,15,17,80,77,77,77,81
2021-2022,FIFA 22,L. Dunk,Brighton & Hove Albion,29,79,79,32,42,81,77,24,65,52,69,75,70,41,54,38,82,39,72,74,68,83,67,82,80,30,58,36,79,83,78,78,15,16,9,12,6
2021-2022,FIFA 22,L. Trossard,Brighton & Hove Albion,26,79,79,76,78,65,77,74,81,82,69,74,78,89,76,92,72,85,78,78,74,60,79,47,18,77,76,75,82,30,31,18,14,8,11,7,7
2021-2022,FIFA 22,T. Tomiyasu,Arsenal,22,78,85,65,29,72,75,30,69,48,37,70,75,76,72,70,77,70,42,70,80,80,28,78,78,55,63,37,70,81,81,79,9,14,6,5,11
2021-2022,FIFA 22,Gabriel Martinelli,Arsenal,20,78,88,73,76,72,71,61,82,72,49,50,79,88,86,84,77,79,70,55,82,61,65,77,37,76,74,60,75,44,40,43,10,6,7,6,6
2021-2022,FIFA 22,T. Mings,Aston Villa,28,78,78,70,37,77,73,34,68,53,37,75,67,62,81,55,79,46,61,71,72,84,42,86,78,53,57,45,71,79,78,77,7,10,13,7,15
2021-2022,FIFA 22,O. Watkins,Aston Villa,25,78,81,67,81,81,72,64,75,63,56,59,73,79,89,79,77,73,75,92,90,81,71,52,44,79,74,67,66,40,46,36,14,14,14,6,10
2021-2022,FIFA 22,C. Hudson-Odoi,Chelsea,20,78,86,77,71,53,77,59,84,73,71,69,81,87,78,85,71,78,67,64,66,58,66,51,44,73,75,55,72,47,51,45,14,13,11,15,5
2021-2022,FIFA 22,S. Coleman,Everton,32,78,78,75,61,65,77,64,77,65,53,69,75,66,66,73,76,74,74,71,71,68,66,80,79,70,70,55,82,78,81,80,5,15,10,13,7
2021-2022,FIFA 22,D. Alli,Everton,25,78,81,72,80,78,80,77,81,76,60,77,82,67,68,75,77,68,76,71,77,75,72,68,62,80,78,80,83,64,65,62,7,6,9,11,8
2021-2022,FIFA 22,Y. Mina,Everton,26,78,80,43,51,85,75,41,62,38,30,69,60,33,54,49,74,32,68,70,60,88,50,80,76,48,56,56,75,79,81,78,10,8,12,9,12
2021-2022,FIFA 22,Rodrigo,Leeds United,30,78,78,77,75,76,79,75,79,83,67,65,81,82,81,79,80,74,84,75,79,67,76,64,33,78,79,77,81,46,43,38,7,13,10,11,5
2021-2022,FIFA 22,P. Bamford,Leeds United,27,78,78,59,82,75,72,69,70,68,59,63,78,76,82,69,80,66,80,68,91,76,69,65,47,83,73,74,77,50,27,20,9,7,11,6,16
2021-2022,FIFA 22,J. Milner,Liverpool,35,78,78,83,62,65,81,76,76,81,75,79,80,54,52,68,84,72,82,62,77,70,70,86,78,71,77,89,81,77,80,78,12,9,10,8,6
2021-2022,FIFA 22,A. Oxlade-Chamberlain,Liverpool,27,78,78,78,70,39,80,60,83,73,60,75,82,82,81,79,78,87,83,69,80,70,78,77,73,78,77,69,77,68,72,68,16,9,6,9,9
2021-2022,FIFA 22,N. Aké,Manchester City,26,78,81,63,48,76,77,52,67,62,59,72,74,80,72,72,76,68,63,89,74,76,56,72,80,51,66,53,76,78,81,79,10,7,7,16,10
2021-2022,FIFA 22,Z. Steffen,Manchester City,26,78,82,14,9,13,52,8,15,13,11,52,31,54,52,58,72,49,56,71,39,69,12,31,19,9,58,37,56,13,12,12,79,74,75,73,83
2021-2022,FIFA 22,J. Lingard,Manchester United,28,78,78,72,77,65,77,76,80,80,68,65,78,78,75,81,80,84,78,65,75,60,79,74,51,82,80,74,78,63,57,49,14,10,8,13,9
2021-2022,FIFA 22,Diogo Dalot,Manchester United,22,78,84,77,52,70,78,44,80,78,44,68,77,82,80,79,75,72,78,84,76,75,64,79,74,74,70,43,75,70,76,74,10,6,10,6,8
2021-2022,FIFA 22,M. Almirón,Newcastle United,27,78,78,70,71,43,77,75,81,74,68,67,77,88,85,86,77,64,78,48,78,53,65,69,55,74,74,69,73,54,55,50,6,9,13,13,12
2021-2022,FIFA 22,Oriol Romeu,Southampton,29,78,78,37,25,69,78,52,63,49,53,72,70,50,34,54,72,59,75,65,78,84,48,89,81,48,56,54,74,80,83,81,12,14,10,11,16
2021-2022,FIFA 22,P. Gollini,Tottenham Hotspur,26,78,81,17,14,19,31,18,18,13,15,25,24,46,48,56,73,52,55,52,40,68,17,19,18,12,32,21,63,20,12,19,78,79,73,74,80
2021-2022,FIFA 22,Emerson Royal,Tottenham Hotspur,22,78,82,75,57,70,76,44,74,73,47,65,77,77,80,74,74,67,77,79,82,74,62,80,72,73,65,48,65,70,78,79,11,13,9,10,13
2021-2022,FIFA 22,M. Lanzini,West Ham United,28,78,78,75,70,52,81,65,82,76,76,78,82,76,67,84,72,89,76,75,71,41,75,59,30,73,79,77,80,30,51,48,14,9,6,7,15
2021-2022,FIFA 22,C. Dawson,West Ham United,31,78,78,65,49,84,66,29,48,45,24,62,63,48,53,56,76,50,57,84,72,80,30,79,80,56,51,66,69,79,78,79,7,8,7,7,5
2021-2022,FIFA 22,S. Benrahma,West Ham United,25,78,79,74,72,47,77,64,82,73,69,68,81,79,76,85,75,80,75,56,70,50,74,52,40,76,78,69,74,45,35,36,16,7,8,11,11
2021-2022,FIFA 22,K. Iheanacho,Leicester City,24,78,80,59,81,67,77,77,78,74,64,69,81,75,74,73,77,72,81,57,71,73,77,71,30,80,72,70,68,39,36,32,8,7,7,11,15
2021-2022,FIFA 22,W. Fofana,Leicester City,20,78,86,39,29,74,69,40,61,39,38,66,67,68,79,61,75,58,48,78,71,80,37,79,83,42,47,48,70,79,80,78,14,12,9,14,6
2021-2022,FIFA 22,W. Boly,Wolverhampton Wanderers,30,78,78,50,32,79,75,23,61,46,35,74,69,54,66,51,71,47,52,79,64,91,23,77,76,45,61,56,79,75,80,76,7,8,15,10,9
2021-2022,FIFA 22,R. Saïss,Wolverhampton Wanderers,31,78,78,54,52,77,77,47,63,65,54,78,72,54,64,61,78,60,67,82,73,75,58,86,80,53,71,47,76,80,79,77,10,16,6,11,7
2021-2022,FIFA 22,Daniel Podence,Wolverhampton Wanderers,25,78,79,68,66,42,76,57,86,75,42,71,83,94,78,92,77,93,66,65,74,30,56,67,21,76,79,63,78,42,30,29,14,14,8,7,15
2021-2022,FIFA 22,Pedro Neto,Wolverhampton Wanderers,21,78,85,70,76,49,75,65,83,66,51,56,80,86,87,86,75,86,76,52,72,56,74,55,41,76,73,62,66,32,23,17,6,13,7,12,6
2021-2022,FIFA 22,B. Mee,Burnley,31,78,78,59,36,79,60,29,59,45,31,61,63,61,63,63,78,65,60,89,67,80,39,84,80,40,60,42,74,80,81,79,15,7,12,10,14
2021-2022,FIFA 22,M. Cornet,Burnley,24,78,81,73,75,70,74,72,79,71,69,62,76,86,87,82,71,78,81,77,89,72,77,72,66,79,70,64,67,64,70,66,16,13,8,12,9
2021-2022,FIFA 22,C. Gallagher,Crystal Palace,21,78,85,68,75,49,79,61,78,62,68,78,79,67,76,68,79,68,78,58,90,62,78,72,69,77,78,55,72,62,72,58,7,6,15,9,9
2021-2022,FIFA 22,R. Holding,Arsenal,25,77,79,50,30,72,75,27,64,33,30,66,69,55,58,54,78,61,48,76,68,78,27,75,78,40,57,38,74,77,81,78,14,11,10,14,13
2021-2022,FIFA 22,B. Traoré,Aston Villa,25,77,78,73,75,66,74,72,82,79,73,68,86,77,79,88,69,59,73,75,69,65,68,60,54,73,74,69,74,40,40,37,11,7,7,13,12
2021-2022,FIFA 22,Douglas Luiz,Aston Villa,23,77,84,69,64,62,80,58,75,68,63,78,79,69,65,74,80,74,76,66,73,66,76,74,74,52,74,44,78,75,75,68,12,6,13,10,7
2021-2022,FIFA 22,Kenedy,Chelsea,25,77,78,78,69,65,75,56,81,77,69,67,78,79,80,81,71,69,79,72,68,65,69,51,60,76,74,68,76,60,59,54,11,15,11,15,12
2021-2022,FIFA 22,A. Townsend,Everton,29,77,77,78,69,48,75,72,81,80,78,70,79,78,77,79,75,77,83,44,75,62,76,76,37,74,76,76,72,41,35,34,13,11,11,11,13
2021-2022,FIFA 22,D. Gray,Everton,25,77,80,73,77,31,70,54,84,72,60,60,82,89,86,86,68,80,82,51,70,59,75,41,25,74,72,61,73,42,45,31,6,11,11,13,10
2021-2022,FIFA 22,B. Godfrey,Everton,23,77,85,56,35,73,71,40,62,39,33,65,68,72,90,70,74,66,53,80,78,83,55,81,74,46,56,44,68,75,78,78,7,6,12,14,11
2021-2022,FIFA 22,Diego Llorente,Leeds United,27,77,79,55,39,78,75,31,57,30,35,72,76,67,72,63,73,62,45,81,73,80,37,86,82,43,54,53,71,72,75,75,8,12,11,9,7
2021-2022,FIFA 22,J. Harrison,Leeds United,24,77,80,76,72,45,74,62,79,70,56,61,78,83,79,81,75,81,78,63,85,64,68,59,44,76,75,64,73,49,43,44,11,8,10,6,11
2021-2022,FIFA 22,D. James,Leeds United,23,77,82,72,71,50,73,58,74,74,54,58,76,96,95,85,75,82,74,74,83,54,69,75,42,74,68,64,68,54,45,34,7,6,11,15,9
2021-2022,FIFA 22,I. Meslier,Leeds United,21,77,84,18,11,15,49,9,20,12,10,51,35,37,40,42,73,25,53,42,40,53,17,27,19,8,62,11,69,22,17,19,79,76,71,73,81
2021-2022,FIFA 22,K. Tsimikas,Liverpool,25,77,80,80,49,55,71,39,75,75,68,68,75,87,81,78,74,73,69,77,77,71,64,80,72,72,69,54,70,71,75,74,8,12,8,13,10
2021-2022,FIFA 22,E. Bailly,Manchester United,27,77,78,49,33,76,68,42,67,46,43,58,65,65,77,69,75,61,55,83,48,84,48,85,78,47,55,46,78,74,78,80,14,14,10,9,8
2021-2022,FIFA 22,C. Wood,Newcastle United,29,77,77,46,78,86,68,74,69,69,64,48,76,55,68,55,77,59,80,80,76,86,72,77,40,78,64,81,77,39,30,29,14,16,16,7,16
2021-2022,FIFA 22,D. Burn,Newcastle United,29,77,77,67,25,78,72,22,59,48,46,67,65,40,57,34,75,30,53,50,70,89,29,83,75,37,53,48,72,78,78,75,15,13,7,8,10
2021-2022,FIFA 22,R. Fraser,Newcastle United,27,77,77,77,69,30,70,62,79,78,72,63,77,89,82,89,74,96,71,56,80,50,70,71,46,75,74,69,76,49,58,46,15,14,15,7,10
2021-2022,FIFA 22,F. Schär,Newcastle United,29,77,77,65,60,80,74,61,66,66,66,74,72,54,55,64,76,61,77,77,70,78,73,73,79,62,67,75,75,77,79,75,8,9,11,10,15
2021-2022,FIFA 22,M. Targett,Newcastle United,25,77,80,81,40,60,74,40,73,77,68,66,75,73,74,69,74,63,65,61,80,66,38,63,77,62,63,51,67,76,75,72,10,15,8,11,14
2021-2022,FIFA 22,S. Armstrong,Southampton,29,77,77,72,76,66,77,62,77,78,74,74,76,72,73,77,77,65,81,71,81,68,82,69,69,76,75,64,70,63,67,60,14,8,13,11,13
2021-2022,FIFA 22,K. Walker-Peters,Southampton,24,77,82,78,40,64,73,30,74,56,31,62,77,78,76,72,75,80,45,75,81,64,41,70,72,65,64,32,73,73,77,74,9,8,7,11,12
2021-2022,FIFA 22,R. Perraud,Southampton,23,77,83,77,65,62,77,70,75,72,73,72,74,74,74,73,76,80,84,56,84,64,78,85,75,76,71,60,69,73,74,71,6,7,10,11,13
2021-2022,FIFA 22,M. Salisu,Southampton,22,77,85,40,30,74,73,22,47,50,32,58,64,64,74,56,68,49,60,72,71,87,28,79,81,35,24,40,62,79,79,75,7,7,11,10,6
2021-2022,FIFA 22,M. Doherty,Tottenham Hotspur,29,77,77,79,64,74,78,46,73,64,45,71,77,69,68,67,76,67,76,82,77,72,63,76,73,75,70,48,71,71,77,75,15,8,12,11,9
2021-2022,FIFA 22,B. Davies,Tottenham Hotspur,28,77,77,72,58,70,78,48,71,72,48,76,76,68,69,67,78,69,65,76,78,69,52,76,81,60,67,54,76,79,79,78,11,7,6,7,14
2021-2022,FIFA 22,H. Winks,Tottenham Hotspur,25,77,80,64,54,52,82,52,78,71,68,80,79,68,62,76,78,79,68,52,76,61,62,76,76,68,77,56,79,73,74,68,8,11,14,13,10
2021-2022,FIFA 22,O. Skipp,Tottenham Hotspur,20,77,84,52,41,51,78,38,69,61,42,76,74,67,62,65,76,74,63,61,78,64,45,80,78,54,71,54,74,77,77,78,8,12,9,7,5
2021-2022,FIFA 22,I. Diop,West Ham United,24,77,82,37,30,76,67,48,50,32,34,63,62,60,69,52,73,47,50,74,69,85,31,79,79,42,43,44,70,77,79,78,10,7,6,14,9
2021-2022,FIFA 22,A. Lookman,Leicester City,23,77,81,73,74,48,72,60,83,69,51,53,80,87,83,90,69,85,77,64,75,55,70,62,32,75,72,62,76,27,23,24,12,12,9,15,6
2021-2022,FIFA 22,J. Justin,Leicester City,23,77,80,73,53,65,72,42,73,60,60,65,74,78,85,72,74,70,54,64,77,68,40,66,70,66,67,43,66,73,77,75,13,7,6,5,14
2021-2022,FIFA 22,P. Daka,Leicester City,22,77,83,51,82,67,68,73,74,65,35,61,76,89,94,89,77,74,76,89,76,67,71,63,17,80,53,75,69,18,24,16,8,6,9,5,11
2021-2022,FIFA 22,L. Dendoncker,Wolverhampton Wanderers,26,77,78,75,65,77,80,70,73,73,71,78,76,53,67,55,73,54,85,73,83,85,75,75,77,76,75,55,77,78,78,75,14,8,14,14,6
2021-2022,FIFA 22,Hwang Hee Chan,Wolverhampton Wanderers,25,77,78,68,77,61,74,75,79,61,44,65,75,88,79,91,78,71,74,83,75,70,71,59,22,77,76,72,75,28,23,24,11,7,10,11,15
2021-2022,FIFA 22,M. Kilman,Wolverhampton Wanderers,24,77,83,54,36,68,71,36,62,45,39,70,66,54,66,54,77,51,51,68,70,85,43,73,78,47,61,48,70,79,81,80,11,11,5,9,12
2021-2022,FIFA 22,B. Foster,Watford,38,77,77,15,18,14,36,14,14,15,17,32,25,47,44,45,73,50,53,73,32,57,14,15,23,14,41,41,63,22,15,14,78,77,71,76,78
2021-2022,FIFA 22,M. Sissoko,Watford,31,77,77,72,52,65,75,62,78,75,60,74,76,65,76,64,75,58,83,70,83,90,59,85,73,71,65,60,74,75,77,71,14,8,11,10,8
2021-2022,FIFA 22,I. Sarr,Watford,23,77,83,68,75,44,69,76,82,78,55,59,79,94,94,78,75,74,82,48,73,71,78,53,17,73,68,58,78,25,16,21,14,13,7,6,9
2021-2022,FIFA 22,D. McNeil,Burnley,21,77,83,78,65,59,76,57,80,77,74,71,79,74,71,76,75,77,69,68,78,65,68,57,46,73,75,62,76,57,54,44,6,14,14,12,14
2021-2022,FIFA 22,C. Kouyaté,Crystal Palace,31,77,77,53,63,78,70,50,68,39,47,66,73,61,66,62,79,54,74,77,86,85,63,85,77,69,67,52,72,77,79,75,15,8,9,12,9
2021-2022,FIFA 22,J. Andersen,Crystal Palace,25,77,80,47,40,76,79,43,57,60,50,82,70,55,55,48,77,56,73,74,74,83,53,80,77,42,63,44,75,77,78,76,13,7,9,15,14
2021-2022,FIFA 22,E. Eze,Crystal Palace,23,77,83,70,71,49,78,55,82,71,68,69,80,77,77,82,73,80,68,67,77,68,72,58,49,72,76,69,79,36,57,40,10,12,9,14,10
2021-2022,FIFA 22,M. Guéhi,Crystal Palace,20,77,86,35,42,76,74,32,65,29,32,71,70,65,77,67,79,65,49,73,72,78,26,67,78,35,45,38,71,79,79,78,8,9,11,12,12
2021-2022,FIFA 22,P. Groß,Brighton & Hove Albion,30,77,77,84,72,53,81,65,75,85,77,79,78,55,45,66,79,73,76,71,83,68,80,67,58,75,80,70,81,56,60,59,8,15,15,16,11
2021-2022,FIFA 22,J. Veltman,Brighton & Hove Albion,29,77,77,71,50,74,74,38,67,40,34,73,72,64,65,66,78,66,60,78,76,74,41,82,79,55,55,42,78,78,81,77,7,10,6,9,11
2021-2022,FIFA 22,N. Maupay,Brighton & Hove Albion,24,77,82,61,79,73,74,76,68,63,55,59,78,78,76,76,79,81,79,59,78,67,71,80,26,82,69,78,70,30,55,33,11,12,7,8,14
2021-2022,FIFA 22,Robert Sanchéz,Brighton & Hove Albion,23,77,83,12,14,15,46,15,15,12,14,50,37,45,44,31,71,35,53,70,40,66,16,33,8,12,56,15,62,18,13,15,78,75,71,77,80
2021-2022,FIFA 22,I. Toney,Brentford,25,77,79,54,80,78,68,76,70,61,56,56,76,79,81,82,77,70,73,89,80,83,67,82,49,79,67,87,78,41,48,42,16,8,8,7,8
2021-2022,FIFA 22,M. Elneny,Arsenal,28,76,76,64,57,61,77,39,68,69,56,76,75,57,55,65,74,62,78,69,83,68,69,73,75,63,69,62,75,74,74,72,7,15,15,12,6
2021-2022,FIFA 22,M. Sanson,Aston Villa,26,76,77,74,71,65,78,72,76,76,68,78,76,75,69,78,76,68,79,76,73,73,72,73,71,74,78,68,77,68,74,71,6,16,16,9,9
2021-2022,FIFA 22,R. Barkley,Chelsea,27,76,76,67,68,65,80,62,81,69,73,79,80,68,69,65,73,61,79,64,65,76,79,71,53,73,76,65,80,53,60,51,9,14,12,6,10
2021-2022,FIFA 22,R. Loftus-Cheek,Chelsea,25,76,79,69,66,68,81,55,82,62,57,79,80,62,68,67,74,65,76,59,68,81,70,73,60,80,76,56,77,62,74,61,11,7,12,15,13
2021-2022,FIFA 22,T. Chalobah,Chelsea,21,76,82,53,44,72,75,40,69,49,43,70,72,62,68,56,75,59,55,61,72,82,50,74,77,49,64,42,68,76,78,76,5,5,9,9,7
2021-2022,FIFA 22,André Gomes,Everton,27,76,76,65,62,69,80,69,75,81,67,79,80,53,55,60,74,61,79,59,68,77,66,77,71,72,77,55,84,71,68,65,12,9,6,14,8
2021-2022,FIFA 22,A. Iwobi,Everton,25,76,77,72,63,44,77,51,80,70,40,65,78,75,79,77,74,75,72,47,72,72,62,54,35,74,75,59,73,38,41,31,14,7,12,14,11
2021-2022,FIFA 22,M. Holgate,Everton,24,76,79,67,37,75,76,40,67,53,35,76,70,70,75,67,74,64,55,78,76,75,42,83,77,52,62,40,70,76,78,76,13,12,9,8,16
2021-2022,FIFA 22,V. Mykolenko,Everton,22,76,83,76,44,66,72,27,54,32,32,55,66,77,78,69,73,67,47,66,78,57,49,57,72,41,52,35,59,76,73,76,9,8,14,9,14
2021-2022,FIFA 22,L. Ayling,Leeds United,29,76,76,69,52,67,73,49,74,41,36,63,72,63,69,68,74,61,67,76,84,74,62,66,75,67,59,38,74,75,80,78,9,11,11,9,8
2021-2022,FIFA 22,L. Cooper,Leeds United,29,76,76,45,26,74,72,33,53,31,26,65,62,49,51,55,73,61,52,80,74,80,38,79,77,39,47,34,68,76,78,77,10,12,10,9,15
2021-2022,FIFA 22,R. Koch,Leeds United,24,76,81,40,27,76,74,29,59,31,28,71,70,54,75,64,75,59,56,66,73,76,42,73,77,52,65,38,74,79,79,76,9,6,15,8,6
2021-2022,FIFA 22,D. Origi,Liverpool,26,76,77,69,76,74,73,70,76,54,40,59,77,73,84,71,76,64,80,76,70,77,70,69,28,77,69,65,77,16,24,18,15,13,16,11,15
2021-2022,FIFA 22,T. Minamino,Liverpool,26,76,77,66,77,50,73,72,81,73,69,63,78,83,75,89,74,86,71,76,76,55,73,64,49,75,71,72,78,34,33,29,9,12,8,15,14
2021-2022,FIFA 22,Juan Mata,Manchester United,33,76,76,78,70,56,81,71,77,85,84,74,82,55,47,74,73,85,69,58,50,34,69,46,39,81,81,80,83,38,31,21,9,10,14,5,8
2021-2022,FIFA 22,J. Shelvey,Newcastle United,29,76,76,75,62,67,83,66,73,69,73,85,77,50,51,55,73,63,85,62,75,71,79,83,62,65,81,71,80,60,63,60,14,11,15,8,16
2021-2022,FIFA 22,I. Hayden,Newcastle United,26,76,79,43,53,67,74,35,71,45,38,69,74,55,54,54,76,60,75,71,76,77,66,82,75,69,72,49,72,77,76,75,9,15,8,8,12
2021-2022,FIFA 22,N. Redmond,Southampton,27,76,76,69,70,33,73,55,81,70,65,62,78,85,78,88,72,86,80,39,67,50,74,38,30,78,71,57,68,33,26,30,12,14,16,6,10
2021-2022,FIFA 22,J. Bednarek,Southampton,25,76,80,44,19,80,65,20,50,23,26,55,59,51,54,52,77,59,25,81,75,82,23,79,81,26,52,32,62,74,76,74,11,13,16,7,9
2021-2022,FIFA 22,C. Adams,Southampton,24,76,81,55,76,63,70,70,73,63,59,53,77,83,84,78,74,74,86,76,77,79,75,74,36,77,62,69,70,33,42,36,16,13,12,15,9
2021-2022,FIFA 22,M. Albrighton,Leicester City,31,76,76,84,67,45,74,72,77,80,73,72,77,68,68,73,74,78,73,61,77,60,67,73,56,72,76,60,70,69,62,57,15,9,8,15,14
2021-2022,FIFA 22,D. Amartey,Leicester City,26,76,77,68,46,73,75,68,69,44,32,66,71,63,67,64,72,64,71,77,66,82,59,80,75,47,58,51,69,76,78,75,13,13,13,8,15
2021-2022,FIFA 22,Ayoze Pérez,Leicester City,27,76,76,70,69,76,77,74,81,76,60,65,79,79,76,81,78,79,71,73,79,57,67,74,49,78,76,73,77,61,61,42,12,12,11,14,8
2021-2022,FIFA 22,B. Soumaré,Leicester City,22,76,81,65,51,60,78,53,75,65,53,77,78,68,69,69,76,69,64,71,80,84,58,76,73,68,77,52,77,71,72,69,11,6,13,5,10
2021-2022,FIFA 22,Marçal,Wolverhampton Wanderers,32,76,76,72,52,64,77,44,70,65,55,73,75,69,72,69,73,69,73,74,65,71,54,87,76,60,65,49,72,76,78,77,6,11,14,13,11
2021-2022,FIFA 22,R. Aït Nouri,Wolverhampton Wanderers,20,76,86,75,42,62,71,39,78,72,55,65,76,78,79,76,70,76,46,57,73,54,44,65,72,60,67,40,65,73,77,74,15,11,8,14,12
2021-2022,FIFA 22,Trincão,Wolverhampton Wanderers,21,76,83,68,68,66,70,66,82,84,56,66,80,79,78,84,77,65,73,63,69,56,73,53,35,74,74,67,83,37,36,34,5,9,6,15,7
2021-2022,FIFA 22,T. Krul,Norwich City,33,76,76,13,11,19,31,16,13,13,15,28,25,40,35,44,72,42,53,74,36,63,14,36,15,8,50,42,52,14,17,14,75,73,71,75,79
2021-2022,FIFA 22,M. Rashica,Norwich City,25,76,78,72,71,50,70,76,82,78,69,51,78,91,75,90,73,82,85,47,77,60,75,67,52,71,72,73,77,52,40,36,7,14,7,14,6
2021-2022,FIFA 22,H. Kamara,Watford,27,76,76,69,57,55,73,47,74,64,41,66,71,86,85,83,72,92,68,66,80,73,57,79,74,68,66,46,74,73,75,75,8,9,16,9,13
2021-2022,FIFA 22,E. Dennis,Watford,23,76,80,67,76,74,65,69,76,62,62,58,75,89,85,88,78,80,81,94,71,70,68,68,13,72,54,56,67,38,45,27,13,7,11,11,13
2021-2022,FIFA 22,A. Westwood,Burnley,31,76,76,81,56,60,78,56,69,82,79,77,76,63,53,74,74,78,75,67,84,67,66,78,74,66,73,64,75,73,75,71,10,13,13,7,8
2021-2022,FIFA 22,C. Taylor,Burnley,27,76,76,76,49,72,73,43,75,69,61,69,72,67,73,67,72,66,63,76,76,78,59,81,75,59,65,45,74,76,76,77,13,6,14,13,8
2021-2022,FIFA 22,J. Schlupp,Crystal Palace,28,76,76,71,69,66,72,66,78,62,37,65,76,84,84,78,76,76,78,78,79,75,68,70,72,76,70,67,68,70,74,72,9,7,8,10,9
2021-2022,FIFA 22,O. Edouard,Crystal Palace,23,76,82,58,79,72,73,62,80,75,77,58,79,79,82,81,69,84,77,73,77,82,69,55,39,74,74,76,82,44,46,28,7,6,13,11,13
2021-2022,FIFA 22,M. Olise,Crystal Palace,19,76,86,70,68,36,76,55,79,73,65,74,78,80,77,91,72,87,74,51,69,41,68,66,48,69,77,67,70,52,56,46,9,11,9,10,10
2021-2022,FIFA 22,A. Webster,Brighton & Hove Albion,26,76,79,50,30,78,74,27,68,27,25,70,73,64,74,63,74,57,37,77,69,77,32,75,76,26,53,24,77,78,77,75,10,8,14,7,12
2021-2022,FIFA 22,A. Mac Allister,Brighton & Hove Albion,22,76,82,79,77,61,77,71,74,83,81,76,78,73,68,71,74,72,76,64,68,63,80,51,45,76,77,77,74,65,54,51,7,10,14,15,10
2021-2022,FIFA 22,E. Mwepu,Brighton & Hove Albion,23,76,82,66,74,61,77,71,77,66,58,72,75,78,85,75,75,65,78,73,85,75,77,78,74,75,75,59,76,72,74,70,15,7,12,14,8
2021-2022,FIFA 22,Cédric,Arsenal,29,75,75,70,54,65,75,50,75,66,64,69,76,78,75,73,72,81,76,72,66,57,65,75,74,69,62,60,69,67,76,74,11,14,12,12,11
2021-2022,FIFA 22,A. Sambi Lokonga,Arsenal,21,75,83,68,53,61,79,58,78,71,68,77,81,63,69,78,72,68,68,71,79,63,63,72,77,65,75,41,80,64,73,68,14,7,6,13,9
2021-2022,FIFA 22,A. Young,Aston Villa,35,75,75,78,63,66,77,74,78,85,75,65,77,74,67,75,78,76,71,65,68,62,63,83,75,69,68,60,79,75,73,72,16,10,15,16,15
2021-2022,FIFA 22,C. Chambers,Aston Villa,26,75,76,70,54,73,75,47,66,60,49,70,74,64,67,60,74,66,60,72,74,77,58,77,76,57,64,54,64,76,77,74,11,14,12,7,12
2021-2022,FIFA 22,R. Olsen,Aston Villa,31,75,75,20,11,16,32,16,11,18,16,37,18,31,40,32,70,33,56,40,37,75,14,27,20,13,55,26,45,22,12,16,76,74,74,75,75
2021-2022,FIFA 22,K. Hause,Aston Villa,25,75,77,58,35,75,69,31,54,32,26,65,67,54,66,53,69,53,70,87,61,88,50,78,72,32,56,40,60,74,74,72,15,16,14,10,14
2021-2022,FIFA 22,M. Nakamba,Aston Villa,27,75,76,46,36,55,74,41,70,45,37,71,69,75,66,76,70,78,74,78,79,74,54,83,74,55,63,38,67,77,78,74,9,15,10,15,8
2021-2022,FIFA 22,M. Sarr,Chelsea,22,75,79,68,53,73,75,37,62,60,59,68,66,64,71,72,73,69,68,77,72,79,40,68,75,59,63,44,75,76,76,75,6,9,14,12,8
2021-2022,FIFA 22,A. Begović,Everton,34,75,75,14,19,12,26,12,16,17,15,32,24,42,44,42,70,40,55,38,36,79,12,42,21,11,34,40,58,18,11,12,75,77,73,73,71
2021-2022,FIFA 22,F. Delph,Everton,31,75,75,73,58,60,76,56,72,72,62,74,76,65,65,77,74,85,81,67,65,60,74,81,76,68,70,65,75,70,76,75,10,9,14,11,6
2021-2022,FIFA 22,S. Rondón,Everton,31,75,75,59,73,80,70,74,69,62,68,53,72,64,68,64,76,77,83,77,62,83,66,76,26,76,69,65,75,29,28,18,13,13,7,5,14
2021-2022,FIFA 22,A. El Ghazi,Everton,26,75,75,74,77,72,73,67,78,75,73,54,78,68,77,68,79,65,84,52,67,75,77,55,28,78,73,80,72,40,28,15,13,9,7,14,11
2021-2022,FIFA 22,T. Davies,Everton,23,75,78,66,64,61,79,42,76,64,61,74,77,66,64,68,74,69,70,56,77,65,66,84,69,69,76,49,76,68,73,69,11,12,9,14,10
2021-2022,FIFA 22,S. Dallas,Leeds United,30,75,75,66,71,63,76,59,73,57,50,71,74,73,75,73,75,69,68,57,92,73,72,68,74,72,74,57,74,74,74,73,13,7,11,13,7
2021-2022,FIFA 22,P. Struijk,Leeds United,21,75,82,42,23,73,75,34,59,42,32,73,71,59,62,49,70,54,62,73,72,78,30,76,77,33,56,55,73,75,76,74,14,8,8,10,14
2021-2022,FIFA 22,Junior Firpo,Leeds United,24,75,78,76,62,71,74,55,74,65,43,68,71,74,76,62,72,60,68,72,76,74,59,76,74,72,64,42,70,67,74,73,7,7,7,14,14
2021-2022,FIFA 22,C. Jones,Liverpool,20,75,86,63,64,50,77,57,79,67,47,74,81,69,68,75,73,72,72,57,81,67,70,71,67,68,75,60,80,65,67,60,6,13,7,11,7
2021-2022,FIFA 22,T. Heaton,Manchester United,35,75,75,17,12,16,32,12,17,15,13,37,28,54,53,54,68,52,55,73,38,66,12,31,24,12,46,24,62,16,15,13,72,74,73,77,74
2021-2022,FIFA 22,K. Darlow,Newcastle United,30,75,75,12,14,12,36,15,14,19,16,30,31,60,54,64,68,64,51,69,44,60,11,13,26,18,37,19,53,17,11,12,77,71,68,74,78
2021-2022,FIFA 22,J. Lascelles,Newcastle United,27,75,76,46,34,78,61,33,45,37,16,55,60,54,60,60,71,51,51,82,69,83,27,82,76,23,40,19,63,74,75,75,10,15,7,10,15
2021-2022,FIFA 22,Joelinton,Newcastle United,24,75,80,41,67,78,77,63,79,52,38,69,80,74,77,70,77,68,81,79,82,84,62,83,57,74,76,61,74,52,64,50,9,13,8,13,13
2021-2022,FIFA 22,J. Willock,Newcastle United,21,75,84,60,75,68,77,66,79,64,46,69,77,75,78,77,78,72,73,65,78,66,66,70,70,77,73,62,72,64,70,59,11,6,12,8,9
2021-2022,FIFA 22,F. Forster,Southampton,33,75,75,19,13,13,27,19,20,10,19,19,33,26,35,44,70,42,48,69,29,80,12,44,22,13,48,22,54,11,13,12,76,71,64,75,80
2021-2022,FIFA 22,A. McCarthy,Southampton,31,75,75,11,17,16,33,12,17,15,18,35,17,58,56,35,74,43,46,68,35,63,14,35,22,16,50,41,61,13,13,12,74,72,61,74,81
2021-2022,FIFA 22,M. Elyounoussi,Southampton,26,75,75,72,75,71,74,69,78,74,64,63,77,76,77,82,73,80,75,77,76,64,74,72,36,74,70,64,70,58,59,51,12,7,8,7,13
2021-2022,FIFA 22,A. Armstrong,Southampton,24,75,80,62,77,66,70,68,74,69,63,58,74,90,88,87,76,90,77,84,79,61,76,79,41,77,67,71,74,36,23,25,10,13,13,12,7
2021-2022,FIFA 22,A. Broja,Southampton,19,75,85,40,77,69,65,64,78,53,36,47,76,75,81,65,74,63,80,63,74,83,61,67,20,76,58,74,73,23,31,23,9,7,15,8,9
2021-2022,FIFA 22,R. Sessegnon,Tottenham Hotspur,21,75,83,77,68,55,76,55,76,71,31,65,78,85,80,79,73,84,67,66,76,60,55,67,68,76,74,61,76,69,71,64,6,11,7,8,7
2021-2022,FIFA 22,A. Yarmolenko,West Ham United,31,75,75,78,77,69,77,74,80,81,75,74,80,55,63,65,79,63,82,36,51,75,79,76,54,77,76,85,74,37,35,30,9,5,6,5,14
2021-2022,FIFA 22,R. Fredericks,West Ham United,28,75,75,73,47,56,72,51,74,64,42,60,71,89,92,75,71,76,58,62,68,65,46,73,69,65,60,61,63,71,71,73,16,7,8,15,9
2021-2022,FIFA 22,A. Masuaku,West Ham United,27,75,75,74,52,63,73,61,80,72,48,67,77,77,79,77,74,79,74,70,76,67,68,65,69,65,70,49,75,65,74,73,8,7,10,7,7
2021-2022,FIFA 22,A. Král,West Ham United,23,75,80,68,66,72,75,65,75,65,51,72,74,67,75,76,73,77,76,78,84,76,75,76,74,68,71,59,72,72,71,69,11,13,10,11,12
2021-2022,FIFA 22,J. Vestergaard,Leicester City,28,75,75,46,34,82,69,28,45,41,52,75,58,30,34,29,72,28,83,66,66,87,47,84,74,40,60,59,72,74,75,73,16,11,11,15,10
2021-2022,FIFA 22,L. Thomas,Leicester City,20,75,82,70,39,61,69,47,71,60,49,66,70,79,76,69,72,74,44,72,82,65,39,70,76,69,62,40,67,69,72,71,12,7,10,11,12
2021-2022,FIFA 22,T. Pukki,Norwich City,31,75,75,45,79,63,71,74,73,53,40,61,73,78,74,74,80,70,75,68,76,71,66,64,54,84,72,73,79,30,29,16,13,8,8,9,7
2021-2022,FIFA 22,M. Normann,Norwich City,25,75,78,67,60,58,78,49,74,70,65,76,76,73,71,74,71,80,77,80,83,82,68,75,72,65,75,52,76,69,70,66,14,6,9,13,7
2021-2022,FIFA 22,P. Lees-Melou,Norwich City,28,75,75,75,69,58,77,58,75,78,68,75,77,67,67,72,74,60,77,66,84,72,77,68,67,72,75,65,77,71,69,61,14,6,12,9,10
2021-2022,FIFA 22,N. Nkoulou,Watford,31,75,75,58,33,76,65,64,59,37,28,64,65,65,69,65,68,73,58,80,52,76,46,75,76,54,63,50,78,75,76,75,6,7,6,15,7
2021-2022,FIFA 22,J. Kucka,Watford,34,75,75,68,68,75,76,69,73,68,69,76,76,58,50,64,75,54,85,86,82,83,78,86,75,72,72,71,75,76,77,76,14,8,9,15,8
2021-2022,FIFA 22,J. Cork,Burnley,32,75,75,69,54,70,77,53,65,74,64,72,74,49,33,61,73,63,73,75,79,75,63,74,76,63,60,60,79,75,76,70,13,11,16,6,6
2021-2022,FIFA 22,M. Lowton,Burnley,32,75,75,76,52,71,73,69,72,75,46,72,73,67,65,65,74,68,70,75,76,71,68,76,74,66,70,49,73,76,76,74,11,6,6,13,7
2021-2022,FIFA 22,J. Brownhill,Burnley,25,75,78,65,61,67,74,54,73,63,70,73,76,71,67,69,77,71,76,84,89,71,71,78,82,69,71,46,72,72,77,68,8,11,12,7,9
2021-2022,FIFA 22,C. Roberts,Burnley,25,75,78,74,51,57,72,48,69,45,47,58,71,79,78,71,68,70,60,67,91,68,56,69,70,61,62,41,62,69,73,69,6,12,8,12,13
2021-2022,FIFA 22,N. Collins,Burnley,20,75,82,50,29,74,66,22,60,39,25,64,65,64,72,46,73,58,46,77,73,79,19,75,74,24,39,35,73,76,77,74,9,10,6,13,9
2021-2022,FIFA 22,J. McArthur,Crystal Palace,33,75,75,66,68,66,76,57,71,58,61,74,77,55,52,69,80,71,65,68,76,66,61,88,77,75,73,64,80,77,75,73,9,9,9,9,9
2021-2022,FIFA 22,C. Benteke,Crystal Palace,30,75,75,58,76,85,66,76,65,62,64,51,78,51,55,61,76,43,81,87,59,87,70,62,29,77,69,71,71,28,25,18,14,5,12,8,5
2021-2022,FIFA 22,J. Ayew,Crystal Palace,29,75,75,71,71,75,73,72,78,75,69,60,77,74,78,79,75,74,76,71,75,72,71,69,40,76,71,74,70,37,52,36,6,8,7,16,8
2021-2022,FIFA 22,L. Milivojević,Crystal Palace,30,75,75,74,55,75,77,50,62,73,83,75,75,51,50,62,72,62,84,59,72,77,77,82,75,66,63,90,76,74,76,67,13,9,16,6,12
2021-2022,FIFA 22,W. Hughes,Crystal Palace,26,75,76,76,67,58,80,50,77,67,62,76,78,67,50,71,75,68,60,49,72,58,62,70,65,72,80,66,79,69,71,69,7,15,12,9,12
2021-2022,FIFA 22,J. Riedewald,Crystal Palace,24,75,76,70,51,69,77,45,66,71,72,75,76,54,64,66,72,63,69,67,62,74,62,73,76,53,73,42,72,74,75,71,15,7,15,9,15
2021-2022,FIFA 22,J. Mateta,Crystal Palace,24,75,79,41,77,78,65,73,75,53,32,43,74,57,77,61,76,51,75,77,66,86,64,71,22,75,59,72,69,29,31,22,8,8,7,13,11
2021-2022,FIFA 22,T. Mitchell,Crystal Palace,21,75,82,68,35,53,63,36,66,52,39,53,67,76,74,78,76,75,38,57,74,60,37,74,77,54,55,45,59,76,77,75,9,12,14,8,14
2021-2022,FIFA 22,A. Lallana,Brighton & Hove Albion,33,75,75,74,69,64,80,72,77,77,66,75,80,70,64,77,73,75,72,68,48,60,68,71,63,72,80,70,80,61,62,62,6,15,14,8,11
2021-2022,FIFA 22,S. March,Brighton & Hove Albion,26,75,76,79,64,48,74,56,79,74,64,67,76,77,74,76,73,77,74,46,76,60,72,55,65,74,73,55,76,68,72,67,9,11,7,13,15
2021-2022,FIFA 22,T. Lamptey,Brighton & Hove Albion,20,75,84,76,47,58,71,32,77,60,35,62,70,92,83,85,71,95,48,59,69,33,36,75,71,55,59,40,71,70,72,74,15,13,12,5,13
2021-2022,FIFA 22,P. Jansson,Brentford,30,75,75,29,29,71,69,41,60,49,40,62,67,53,61,53,75,29,68,55,69,86,50,80,74,28,50,39,75,77,76,73,9,5,14,6,7
2021-2022,FIFA 22,C. Nørgaard,Brentford,27,75,76,64,60,69,73,51,70,64,64,72,74,61,55,65,74,70,63,68,79,76,57,76,75,64,66,60,72,76,77,72,11,9,13,14,11
2021-2022,FIFA 22,David Raya,Brentford,25,75,78,12,19,20,49,20,17,18,15,53,40,58,46,70,72,45,58,70,29,38,14,29,11,15,65,26,49,28,14,13,75,74,77,74,75
2021-2022,FIFA 22,K. Ajer,Brentford,23,75,83,55,57,74,73,41,72,58,42,64,74,67,78,48,66,34,64,56,71,90,47,78,73,54,50,49,75,74,76,76,9,9,14,7,10
2021-2022,FIFA 22,R. Henry,Brentford,23,75,80,67,40,37,67,33,69,48,39,50,73,91,89,89,71,90,43,92,80,65,34,76,72,65,54,43,65,69,72,69,13,12,12,6,12
2021-2022,FIFA 22,Y. Wissa,Brentford,24,75,78,71,75,58,65,68,77,56,46,60,76,85,89,82,70,73,75,76,71,68,72,61,31,75,68,71,73,25,23,18,14,7,6,8,15
2021-2022,FIFA 22,E. Pinnock,Brentford,28,75,76,42,33,76,68,33,60,40,37,65,64,67,70,63,73,58,53,80,74,83,31,80,76,39,58,44,71,74,76,74,5,9,13,6,8
2021-2022,FIFA 22,B. Mbeumo,Brentford,21,75,81,72,73,56,72,77,76,73,68,64,75,84,79,88,74,75,78,68,77,69,73,68,40,77,71,72,66,39,41,37,7,14,15,13,14
2021-2022,FIFA 22,J. Ramsey,Aston Villa,20,74,85,64,75,56,78,59,78,63,54,68,77,74,73,76,74,82,75,72,78,72,71,68,64,73,72,53,76,64,67,52,14,9,8,6,12
2021-2022,FIFA 22,J. Kenny,Everton,24,74,75,69,30,64,70,51,68,61,49,67,72,75,68,68,75,73,74,74,78,63,62,78,74,64,55,53,65,68,74,75,6,13,16,13,15
2021-2022,FIFA 22,M. Klich,Leeds United,31,74,74,68,73,49,75,60,73,73,65,73,75,67,66,65,72,73,68,64,81,73,73,63,67,70,76,76,77,66,68,50,11,16,12,11,14
2021-2022,FIFA 22,F. Fernández,Newcastle United,32,74,74,40,28,77,67,21,44,51,40,60,64,41,44,47,70,45,30,78,56,78,29,77,73,40,47,42,74,75,77,75,12,12,13,14,12
2021-2022,FIFA 22,J. Murphy,Newcastle United,26,74,74,75,64,45,68,50,78,75,67,60,74,77,80,75,69,75,73,50,77,61,69,56,65,71,69,66,68,65,70,55,13,16,13,10,6
2021-2022,FIFA 22,E. Krafth,Newcastle United,26,74,75,69,56,65,69,46,69,72,54,73,73,64,68,64,74,66,70,74,76,74,58,69,71,53,60,54,72,75,76,73,8,13,15,14,7
2021-2022,FIFA 22,Manquillo,Newcastle United,27,74,74,73,32,61,70,37,72,72,46,62,74,74,67,71,71,68,69,67,75,60,44,68,74,67,41,46,64,73,75,74,14,7,14,12,13
2021-2022,FIFA 22,J. Stephens,Southampton,27,74,75,47,36,75,70,34,67,55,58,67,70,52,54,63,71,57,55,67,68,78,42,72,75,47,56,42,64,76,78,72,13,10,11,13,10
2021-2022,FIFA 22,M. Djenepo,Southampton,23,74,80,68,67,57,67,57,82,65,59,59,73,84,81,89,69,82,62,86,69,62,68,64,33,72,69,60,64,32,37,31,12,9,9,14,10
2021-2022,FIFA 22,I. Diallo,Southampton,22,74,82,52,41,59,74,36,69,52,39,72,70,68,63,71,68,77,55,62,79,71,54,78,74,57,68,64,67,72,74,69,8,9,8,14,6
2021-2022,FIFA 22,T. Livramento,Southampton,18,74,85,68,47,55,73,41,74,64,51,57,71,84,83,79,71,81,47,66,76,62,46,70,71,60,57,41,66,60,74,71,10,12,8,13,13
2021-2022,FIFA 22,J. Tanganga,Tottenham Hotspur,22,74,82,64,28,70,71,36,72,54,37,56,69,74,79,68,74,68,52,87,70,83,19,87,74,47,59,45,71,75,76,75,11,9,12,7,14
2021-2022,FIFA 22,D. Randolph,West Ham United,34,74,74,11,14,16,33,16,14,15,14,34,33,41,44,50,72,43,50,61,34,57,14,29,18,11,35,30,36,15,14,14,76,72,66,72,75
2021-2022,FIFA 22,R. Bertrand,Leicester City,31,74,74,75,50,68,75,43,74,71,66,69,75,72,67,69,70,69,59,72,66,69,54,75,70,63,64,52,73,71,74,73,11,13,15,10,15
2021-2022,FIFA 22,N. Mendy,Leicester City,29,74,74,61,49,65,77,41,71,69,54,72,78,71,62,75,72,87,61,76,66,68,59,77,72,56,64,55,75,73,74,73,14,12,9,12,15
2021-2022,FIFA 22,D. Ward,Leicester City,28,74,74,13,11,13,30,13,19,15,14,42,23,46,44,38,70,53,50,67,22,60,16,32,20,7,38,20,56,8,20,18,75,72,66,73,75
2021-2022,FIFA 22,K. Dewsbury-Hall,Leicester City,22,74,79,59,59,52,76,50,76,65,59,74,77,67,63,68,70,69,66,62,78,66,68,70,68,72,77,58,70,63,67,60,12,15,9,10,7
2021-2022,FIFA 22,G. Hanley,Norwich City,29,74,74,29,30,72,60,32,43,33,35,63,54,52,54,44,71,51,40,84,65,82,29,81,76,29,39,28,66,78,74,75,9,9,11,12,8
2021-2022,FIFA 22,D. Giannoulis,Norwich City,25,74,75,73,32,60,67,44,70,69,40,54,72,79,83,76,66,75,68,65,77,60,33,70,72,64,60,47,65,65,73,73,14,5,13,9,12
2021-2022,FIFA 22,M. Aarons,Norwich City,21,74,81,68,41,53,70,41,75,50,32,59,74,81,79,84,70,79,46,50,85,70,36,68,71,67,66,27,75,74,72,69,11,11,7,9,8
2021-2022,FIFA 22,B. Williams,Norwich City,20,74,79,69,54,59,71,62,73,61,30,63,72,83,78,75,70,68,69,74,74,61,50,85,76,66,62,41,72,66,72,74,10,13,11,7,7
2021-2022,FIFA 22,J. King,Watford,29,74,74,65,75,68,72,73,76,70,53,62,76,77,77,74,72,73,77,72,55,76,75,73,34,75,71,81,77,33,39,27,12,9,11,12,7
2021-2022,FIFA 22,Kiko Femenía,Watford,30,74,74,76,53,58,73,54,72,67,55,63,75,76,72,78,70,82,56,69,77,63,64,70,70,67,69,60,68,71,72,71,16,15,7,15,11
2021-2022,FIFA 22,C. Kabasele,Watford,30,74,74,47,49,72,65,52,57,34,27,57,64,52,72,52,73,51,57,83,65,80,44,76,74,50,36,53,64,76,72,73,14,11,6,14,16
2021-2022,FIFA 22,A. Masina,Watford,27,74,74,74,30,73,69,37,69,64,35,70,73,54,69,63,69,42,63,64,75,75,46,66,72,58,60,31,72,69,75,76,14,14,13,7,6
2021-2022,FIFA 22,I. Louza,Watford,22,74,80,64,62,49,77,51,75,70,70,75,80,56,65,68,71,77,66,46,71,38,66,63,65,72,75,69,75,59,72,60,7,15,6,6,5
2021-2022,FIFA 22,A. Lennon,Burnley,34,74,74,74,58,26,72,68,79,66,53,64,72,80,77,81,73,93,64,60,68,53,57,55,50,72,72,62,73,54,50,43,14,7,7,16,11
2021-2022,FIFA 22,J. Rodriguez,Burnley,31,74,74,68,75,76,69,76,73,69,39,66,74,65,69,69,75,64,78,78,68,73,76,45,44,75,70,78,77,48,30,21,12,12,16,14,9
2021-2022,FIFA 22,W. Hennessey,Burnley,34,74,74,11,12,14,29,10,8,12,11,41,23,40,41,48,66,51,58,41,29,68,10,21,22,14,58,17,55,13,18,13,76,74,77,74,71
2021-2022,FIFA 22,J. Tomkins,Crystal Palace,32,74,74,45,29,76,68,28,44,33,31,60,57,34,33,30,73,44,40,73,34,80,29,81,75,38,54,43,70,76,76,77,11,8,6,9,14
2021-2022,FIFA 22,M. Kelly,Crystal Palace,31,74,74,66,38,77,68,39,58,60,35,64,67,49,51,53,74,49,61,70,33,77,38,71,73,42,39,58,72,75,76,74,7,11,8,7,8
2021-2022,FIFA 22,J. Ward,Crystal Palace,31,74,74,73,46,74,70,33,64,43,34,69,69,52,55,62,74,58,64,65,69,71,59,74,78,64,66,40,72,77,76,77,8,7,7,10,11
2021-2022,FIFA 22,D. Welbeck,Brighton & Hove Albion,30,74,74,69,75,78,66,68,73,61,62,64,76,70,75,70,71,61,76,79,50,70,63,75,32,77,70,68,75,43,38,33,9,10,6,12,16
2021-2022,FIFA 22,S. Duffy,Brighton & Hove Albion,29,74,74,38,40,81,62,30,45,37,33,60,55,40,44,32,70,36,62,89,63,85,49,83,73,58,41,45,59,73,75,72,9,11,16,8,12
2021-2022,FIFA 22,J. Moder,Brighton & Hove Albion,22,74,83,70,66,60,77,53,72,70,71,73,75,74,71,68,74,63,82,66,78,76,74,70,69,71,74,67,74,68,73,65,15,14,14,13,6
2021-2022,FIFA 22,M. Jensen,Brentford,25,74,77,72,59,50,76,50,69,70,68,76,74,68,67,82,74,77,62,67,78,66,67,66,72,69,78,69,79,70,64,57,5,13,10,8,12
2021-2022,FIFA 22,V. Janelt,Brentford,23,74,81,58,62,55,72,60,67,48,54,74,70,65,67,64,73,68,70,72,79,74,68,76,74,67,70,52,70,71,74,71,6,8,6,6,14
2021-2022,FIFA 22,F. Onyeka,Brentford,23,74,80,55,60,63,70,53,68,56,42,68,70,77,88,81,71,75,61,77,84,81,49,76,76,67,68,48,72,76,72,65,15,9,7,6,14
2021-2022,FIFA 22,Nuno Tavares,Arsenal,21,73,80,74,34,58,68,44,74,73,55,50,74,84,87,77,70,60,77,58,78,76,66,70,64,71,62,42,71,66,69,64,8,13,6,12,13
2021-2022,FIFA 22,C. Tosun,Everton,30,73,73,64,75,77,69,71,71,72,73,60,73,67,65,71,73,66,78,80,65,73,72,75,31,75,61,85,74,33,34,15,12,14,12,12,9
2021-2022,FIFA 22,A. Forshaw,Leeds United,29,73,73,64,59,47,79,57,73,67,63,76,77,65,63,76,66,79,66,43,77,64,63,73,70,62,73,62,78,66,74,62,10,7,12,13,16
2021-2022,FIFA 22,C. Kelleher,Liverpool,22,73,80,13,6,13,38,9,18,12,11,40,22,45,39,44,69,48,56,68,19,60,8,21,12,4,42,30,63,18,10,14,72,71,74,70,76
2021-2022,FIFA 22,H. Elliott,Liverpool,18,73,87,72,64,40,73,48,77,56,57,68,77,82,77,87,69,86,60,40,69,33,62,32,38,67,76,59,70,35,40,32,10,10,6,14,7
2021-2022,FIFA 22,P. Jones,Manchester United,29,73,73,58,44,76,69,49,55,38,35,66,54,48,50,52,68,48,68,79,28,75,49,86,74,42,54,50,60,73,75,74,10,8,6,16,11
2021-2022,FIFA 22,M. Ritchie,Newcastle United,31,73,73,78,69,39,75,75,77,78,69,72,76,66,60,67,73,81,76,70,73,60,77,82,69,73,73,72,73,68,71,67,15,8,11,14,13
2021-2022,FIFA 22,P. Dummett,Newcastle United,29,73,73,63,41,71,70,33,65,54,52,68,70,65,64,61,73,74,42,75,64,70,35,72,75,56,52,43,64,75,75,77,15,11,13,11,13
2021-2022,FIFA 22,S. Longstaff,Newcastle United,23,73,79,60,61,47,75,56,71,68,69,74,75,61,54,57,75,68,73,61,77,65,69,56,74,68,74,54,74,67,72,62,6,8,13,14,12
2021-2022,FIFA 22,T. Walcott,Southampton,32,73,73,73,65,58,70,71,72,72,69,61,74,85,78,77,70,75,72,59,61,55,62,65,35,74,64,69,74,37,39,36,11,8,9,9,8
2021-2022,FIFA 22,H. Choudhury,Leicester City,23,73,76,43,37,64,75,49,63,50,54,66,68,65,64,74,64,71,67,69,66,70,40,88,76,53,59,45,64,75,74,78,9,14,8,10,11
2021-2022,FIFA 22,L. Rupp,Norwich City,30,73,73,73,63,45,77,63,72,72,60,72,75,65,62,73,74,77,74,64,77,58,67,63,69,66,70,63,76,68,71,69,5,12,7,8,9
2021-2022,FIFA 22,O. Kabak,Norwich City,21,73,80,26,35,73,66,28,62,32,31,63,69,65,73,64,66,64,48,84,65,85,25,84,68,30,60,47,67,68,75,73,10,13,10,6,5
2021-2022,FIFA 22,D. Rose,Watford,30,73,73,73,50,64,73,60,74,64,57,64,75,67,68,69,72,77,67,77,52,66,59,85,73,62,68,55,73,74,73,75,10,11,8,13,13
2021-2022,FIFA 22,T. Cleverley,Watford,31,73,73,74,64,48,76,68,72,59,62,75,75,65,55,69,75,75,74,59,68,61,72,71,66,69,77,72,67,56,71,52,15,11,9,12,13
2021-2022,FIFA 22,Samir,Watford,26,73,75,63,24,70,65,28,57,29,30,59,60,55,64,50,66,40,60,66,66,74,26,79,76,30,47,44,63,73,78,74,11,11,14,11,14
2021-2022,FIFA 22,S. Kalu,Watford,23,73,77,72,68,62,68,49,78,72,71,60,73,87,84,81,67,81,66,85,69,47,64,57,31,68,69,52,72,30,32,27,11,13,6,10,12
2021-2022,FIFA 22,E. Pieters,Burnley,32,73,73,74,32,72,72,34,70,70,56,64,71,63,55,62,72,62,50,74,64,77,36,84,73,64,64,59,67,75,75,73,16,15,8,12,10
2021-2022,FIFA 22,D. Stephens,Burnley,32,73,73,68,61,65,75,66,64,65,61,73,71,50,49,64,72,63,67,82,67,70,63,78,74,66,69,44,75,68,74,67,11,15,8,13,10
2021-2022,FIFA 22,A. Barnes,Burnley,31,73,73,66,74,79,73,76,69,62,56,65,75,55,54,66,76,66,80,83,68,81,66,88,41,75,70,80,74,43,46,39,6,10,11,10,10
2021-2022,FIFA 22,J. Guðmundsson,Burnley,30,73,73,74,67,64,76,72,73,76,74,75,74,69,65,68,75,75,78,78,65,67,72,66,62,73,76,70,78,60,63,55,7,6,14,10,8
2021-2022,FIFA 22,M. Vydra,Burnley,29,73,73,65,70,63,71,74,73,73,64,63,74,82,78,79,72,77,77,76,75,68,71,53,31,76,70,78,71,40,28,34,10,11,12,13,15
2021-2022,FIFA 22,N. Clyne,Crystal Palace,30,73,73,76,54,67,75,45,71,64,39,66,73,71,67,74,71,72,73,69,54,60,67,76,74,65,72,46,74,73,73,74,10,11,13,15,7
2021-2022,FIFA 22,J. Butland,Crystal Palace,28,73,73,11,16,12,40,12,21,12,14,30,36,58,55,55,73,50,50,76,40,79,13,40,25,16,40,42,62,23,13,11,73,68,66,74,75
2021-2022,FIFA 22,E. Nketiah,Arsenal,22,72,79,43,73,66,66,69,74,54,38,45,73,85,82,80,74,72,72,73,66,59,60,52,19,74,58,68,68,22,19,15,12,10,11,9,5
2021-2022,FIFA 22,A. Gordon,Everton,20,72,83,73,64,49,68,48,76,75,66,62,74,78,78,73,61,68,68,58,68,56,67,62,28,65,68,65,65,34,40,33,5,6,14,7,8
2021-2022,FIFA 22,Adrián,Liverpool,34,72,72,12,16,15,21,12,15,12,17,32,23,44,42,53,71,48,50,69,38,63,20,38,25,12,32,44,57,18,19,14,73,70,67,69,74
2021-2022,FIFA 22,L. Karius,Liverpool,28,72,72,14,18,14,38,14,16,12,14,41,23,55,54,51,69,43,54,74,36,64,16,21,13,8,50,19,60,9,11,13,75,66,72,70,75
2021-2022,FIFA 22,A. Elanga,Manchester United,19,72,85,63,69,65,67,62,74,65,61,47,72,88,84,83,69,77,64,76,73,54,61,42,29,72,63,56,68,30,35,31,13,5,13,8,10
2021-2022,FIFA 22,C. Clark,Newcastle United,31,72,72,39,44,79,60,51,50,50,36,54,58,46,47,54,62,50,71,78,52,76,48,80,72,49,51,55,64,72,75,72,14,7,12,14,12
2021-2022,FIFA 22,D. Gayle,Newcastle United,30,72,72,59,74,68,64,70,71,54,71,53,73,76,75,77,72,80,76,73,63,62,69,46,35,77,48,73,71,20,24,14,10,7,16,8,8
2021-2022,FIFA 22,J. Lewis,Newcastle United,23,72,79,68,53,56,72,51,73,61,40,64,72,76,77,73,65,76,60,68,66,66,44,65,68,70,57,38,75,68,74,69,14,7,5,5,13
2021-2022,FIFA 22,W. Caballero,Southampton,39,72,72,12,11,22,33,13,12,23,11,48,30,38,41,39,67,55,50,70,32,69,14,30,19,7,47,16,57,14,11,12,72,71,67,75,70
2021-2022,FIFA 22,Lyanco,Southampton,24,72,79,35,33,71,69,34,57,33,27,59,62,63,67,56,67,43,51,70,52,74,27,82,71,31,46,47,62,70,77,74,9,7,13,10,8
2021-2022,FIFA 22,J. Rodon,Tottenham Hotspur,23,72,81,34,23,67,70,34,53,25,32,60,62,54,62,47,73,55,43,66,67,77,24,65,80,23,31,40,61,72,74,71,10,13,7,11,8
2021-2022,FIFA 22,B. Johnson,West Ham United,21,72,80,69,34,60,68,30,65,58,39,57,68,75,77,66,60,72,45,70,75,66,37,59,68,54,44,39,63,69,73,70,10,10,15,12,9
2021-2022,FIFA 22,B. Gibson,Norwich City,28,72,72,29,24,72,66,20,40,38,22,57,59,52,51,47,72,63,35,78,67,78,22,73,71,27,44,31,55,73,73,71,12,8,16,16,11
2021-2022,FIFA 22,S. Byram,Norwich City,27,72,72,70,59,66,67,43,70,55,33,64,70,72,75,70,70,71,66,77,67,66,52,68,70,61,65,50,69,72,71,72,10,9,15,16,13
2021-2022,FIFA 22,A. Gunn,Norwich City,25,72,76,14,15,14,32,19,20,20,15,41,27,48,49,40,67,42,51,71,31,66,17,28,18,9,51,25,49,20,16,14,73,70,68,69,74
2021-2022,FIFA 22,B. Gilmour,Norwich City,20,72,82,60,53,50,77,59,72,58,54,74,74,71,64,76,75,77,49,58,67,44,58,65,70,58,74,53,69,66,73,64,9,7,9,13,12
2021-2022,FIFA 22,C. Tzolis,Norwich City,19,72,80,67,70,68,69,72,76,71,63,50,71,87,86,82,66,77,66,63,70,57,68,75,29,71,63,67,69,28,35,38,15,10,12,6,10
2021-2022,FIFA 22,C. Cathcart,Watford,32,72,72,39,29,76,67,30,47,39,39,64,58,34,35,50,72,50,56,67,57,77,41,73,73,33,52,28,71,77,73,72,8,6,12,9,13
2021-2022,FIFA 22,D. Bachmann,Watford,26,72,73,14,17,12,37,16,14,18,20,42,27,50,37,40,74,44,53,57,36,75,15,31,26,13,36,31,51,14,11,11,71,67,71,70,73
2021-2022,FIFA 22,K. Sema,Watford,27,72,72,72,63,37,71,61,74,67,72,64,73,76,79,72,68,77,77,49,67,70,68,64,64,70,72,44,62,60,66,59,7,11,10,16,7
2021-2022,FIFA 22,F. Sierralta,Watford,24,72,78,57,30,67,66,23,46,23,28,45,63,52,54,51,71,34,38,80,53,85,25,79,72,24,33,40,52,73,67,70,12,10,9,7,13
2021-2022,FIFA 22,Zanka,Brentford,31,72,72,47,34,71,65,40,46,35,26,62,60,53,54,60,67,59,62,72,67,83,30,84,70,43,62,27,67,72,75,70,16,9,9,14,13
2021-2022,FIFA 22,Sergi Canós,Brentford,24,72,75,72,70,51,70,58,76,62,56,63,73,74,69,78,70,84,71,66,69,68,69,75,54,71,72,53,63,53,59,54,7,8,15,15,15
2021-2022,FIFA 22,J. Dasilva,Brentford,22,72,80,68,65,50,76,57,75,71,39,75,75,68,74,72,70,71,78,48,74,79,77,70,60,67,72,55,75,66,64,62,11,13,8,10,14
2021-2022,FIFA 22,Álvaro,Brentford,23,72,80,9,8,9,29,6,14,14,13,26,30,44,51,68,65,48,50,65,37,59,5,22,14,5,41,14,52,10,11,11,74,68,67,69,77
2021-2022,FIFA 22,M. Bettinelli,Chelsea,29,71,72,12,14,11,34,12,15,12,19,38,28,34,24,39,60,40,55,60,22,40,14,33,15,6,38,18,52,16,18,17,71,68,73,73,73
2021-2022,FIFA 22,T. Roberts,Leeds United,22,71,77,64,69,65,70,59,75,57,42,65,75,74,75,79,67,74,73,56,76,76,65,57,37,70,70,70,71,31,39,27,12,8,13,9,13
2021-2022,FIFA 22,J. Shackleton,Leeds United,21,71,79,66,49,46,74,31,71,48,38,71,70,81,80,83,71,85,46,60,82,60,44,70,66,63,63,33,72,68,66,59,14,14,11,9,11
2021-2022,FIFA 22,J. Gelhardt,Leeds United,19,71,84,48,72,55,69,63,75,57,45,58,76,76,74,74,68,76,75,64,68,75,67,60,23,70,65,65,70,32,23,18,6,13,6,10,12
2021-2022,FIFA 22,S. Long,Southampton,34,71,71,72,68,75,62,67,73,54,37,49,70,83,78,69,72,72,73,92,51,62,64,80,42,75,63,72,67,31,27,24,11,13,10,11,10
2021-2022,FIFA 22,Y. Valery,Southampton,22,71,79,66,42,59,64,34,72,55,41,57,66,75,69,66,68,67,69,69,75,71,64,75,70,59,57,41,64,65,75,69,12,14,7,11,14
2021-2022,FIFA 22,K. McLean,Norwich City,29,71,71,56,66,64,73,56,70,66,70,72,73,69,62,71,71,61,78,77,81,71,68,70,66,64,70,71,68,66,67,62,8,14,15,14,9
2021-2022,FIFA 22,K. Dowell,Norwich City,23,71,76,64,68,53,75,58,73,76,75,68,73,61,66,69,66,69,68,57,60,48,73,45,33,69,75,64,72,45,37,30,8,13,7,14,8
2021-2022,FIFA 22,J. Sørensen,Norwich City,23,71,75,58,47,66,71,56,63,63,42,65,70,66,67,73,68,66,65,73,79,72,50,68,70,59,62,42,80,71,69,67,14,9,14,11,6
2021-2022,FIFA 22,W. Troost-Ekong,Watford,27,71,73,37,23,75,51,26,37,25,26,48,47,54,66,32,65,55,53,67,66,84,33,76,73,30,41,40,69,71,73,71,6,15,10,9,7
2021-2022,FIFA 22,O. Etebo,Watford,25,71,74,60,59,66,72,66,73,62,66,70,75,77,69,84,71,77,80,85,79,77,62,80,68,65,66,69,68,70,73,70,10,12,13,12,15
2021-2022,FIFA 22,João Pedro,Watford,19,71,84,56,71,70,64,65,76,61,33,58,73,79,76,80,71,60,68,54,68,65,61,29,14,73,63,69,70,17,25,24,7,6,10,8,14
2021-2022,FIFA 22,K. Long,Burnley,30,71,71,38,29,74,60,26,53,38,32,55,58,52,50,55,66,49,56,79,53,77,27,75,70,48,50,32,66,71,72,71,8,14,7,8,7
2021-2022,FIFA 22,T. Băluță,Brighton & Hove Albion,22,71,78,22,35,41,73,21,35,21,64,68,68,64,55,62,67,32,79,74,68,83,67,59,71,28,62,30,60,73,73,68,7,5,10,6,10
2021-2022,FIFA 22,J. Lössl,Brentford,32,71,71,14,12,17,33,11,15,14,13,48,20,29,34,32,64,30,52,51,35,70,15,17,20,10,57,12,56,20,13,15,72,72,69,69,71
2021-2022,FIFA 22,J. Ruddy,Wolverhampton Wanderers,34,70,70,14,7,12,25,11,11,13,13,23,23,38,43,23,70,22,54,68,36,71,15,24,22,15,39,18,53,11,11,11,70,66,72,70,71
2021-2022,FIFA 22,Fábio Silva,Wolverhampton Wanderers,18,70,83,45,72,62,54,70,73,52,31,46,74,72,76,72,73,65,72,72,64,73,64,54,18,72,58,70,63,22,23,16,6,12,7,13,8
2021-2022,FIFA 22,C. Zimmermann,Norwich City,28,70,70,20,25,71,56,33,35,26,20,63,47,31,45,33,65,40,50,72,65,85,22,74,68,22,33,37,68,71,70,72,11,9,9,12,14
2021-2022,FIFA 22,D. Gosling,Watford,31,70,70,66,64,65,73,62,65,63,57,71,73,51,50,62,73,67,71,64,54,65,70,73,71,69,71,61,76,70,70,68,6,15,14,15,6
2021-2022,FIFA 22,E. Kayembe,Watford,23,70,78,53,52,64,73,56,65,57,55,68,69,70,74,63,66,69,78,80,79,79,69,71,68,55,69,53,66,64,67,65,10,9,12,10,5
2021-2022,FIFA 22,J. Ngakia,Watford,20,70,81,60,26,58,66,29,67,34,25,48,65,74,73,62,68,73,24,68,68,60,28,63,65,47,32,37,54,67,74,69,13,14,9,13,14
2021-2022,FIFA 22,P. Bardsley,Burnley,36,70,70,68,47,67,69,43,65,64,33,67,70,55,32,55,73,59,76,73,66,72,66,84,74,58,59,56,69,73,73,74,11,8,9,9,8
2021-2022,FIFA 22,S. Alzate,Brighton & Hove Albion,22,70,79,65,61,45,74,50,76,61,22,67,73,71,70,78,70,79,60,57,73,68,59,64,67,65,72,55,72,62,66,61,9,6,6,7,6
2021-2022,FIFA 22,J. Jeanvier,Brentford,28,70,70,39,30,70,62,30,45,44,39,52,58,62,68,66,69,64,46,72,62,77,31,75,69,45,37,42,59,63,73,71,16,8,15,9,9
2021-2022,FIFA 22,T. Fosu,Brentford,25,70,71,67,67,39,66,44,72,54,47,63,70,87,79,84,65,77,62,52,68,65,64,45,40,65,64,57,66,55,26,22,11,13,9,12,7
2021-2022,FIFA 22,Chiquinho,Wolverhampton Wanderers,21,69,81,68,66,52,60,50,75,63,47,55,70,86,87,74,64,68,71,50,66,64,46,35,27,63,61,65,64,33,26,31,14,12,7,15,12
2021-2022,FIFA 22,P. Płacheta,Norwich City,23,69,75,64,65,37,63,49,68,55,46,47,67,89,94,89,62,85,67,65,76,47,49,46,41,63,63,49,59,38,40,33,13,8,13,7,14
2021-2022,FIFA 22,J. Sargent,Norwich City,21,69,74,58,70,66,65,67,67,62,56,59,66,75,73,76,70,68,73,73,86,75,65,73,50,74,62,58,65,42,42,33,8,7,9,8,9
2021-2022,FIFA 22,N. Ferguson,Crystal Palace,20,69,76,59,30,59,66,30,64,30,33,56,67,57,70,50,66,68,49,68,66,69,38,64,69,36,39,45,68,67,70,71,8,9,10,13,11
2021-2022,FIFA 22,S. Ghoddos,Brentford,27,69,69,67,70,64,72,68,67,65,72,64,73,61,60,68,68,70,78,58,69,67,73,65,46,69,70,62,72,54,52,44,10,11,6,13,9
2021-2022,FIFA 22,M. Roerslev,Brentford,22,69,76,74,44,43,66,37,65,53,35,62,65,70,70,69,66,70,51,69,72,68,40,64,64,60,66,35,66,65,65,61,13,12,14,8,12
2021-2022,FIFA 22,C. Summerville,Leeds United,19,68,81,60,64,41,63,51,71,60,61,47,69,89,88,87,64,76,66,37,68,48,60,34,17,63,61,62,57,21,24,26,9,9,15,11,10
2021-2022,FIFA 22,M. Šarkić,Wolverhampton Wanderers,23,68,74,11,13,18,27,13,12,18,12,30,25,40,33,33,66,28,50,47,20,39,17,20,6,6,22,26,27,11,19,14,68,65,66,67,68
2021-2022,FIFA 22,A. Idah,Norwich City,20,68,78,38,69,66,49,62,64,49,30,37,63,71,83,65,63,54,73,66,62,78,61,70,23,71,48,63,61,18,17,11,12,13,9,10,6
2021-2022,FIFA 22,A. Omobamidele,Norwich City,19,68,80,25,24,67,59,27,55,36,14,55,60,75,68,54,54,52,42,79,62,76,16,67,69,30,46,22,50,67,71,68,8,10,7,8,7
2021-2022,FIFA 22,R. Elliot,Watford,35,68,68,16,11,13,28,13,15,16,12,31,22,42,34,54,58,42,56,52,31,71,12,12,22,12,35,43,52,15,12,15,70,65,74,68,69
2021-2022,FIFA 22,M. Sørensen,Brentford,22,68,77,54,43,66,62,29,55,31,25,64,62,54,58,51,73,64,20,69,68,74,26,68,73,41,39,32,68,74,66,62,6,13,12,14,11
2021-2022,FIFA 22,S. Baptiste,Brentford,23,68,75,62,56,61,72,42,75,51,41,65,73,72,68,72,66,73,60,65,67,69,58,66,67,65,68,41,67,68,65,63,5,13,10,15,14
2021-2022,FIFA 22,J. Branthwaite,Everton,19,67,83,30,28,70,68,27,37,24,21,52,62,58,67,44,61,50,46,73,57,69,25,64,67,25,27,32,56,62,72,67,10,9,11,12,10
2021-2022,FIFA 22,C. Palmer,Manchester City,19,67,85,59,69,41,64,51,71,64,55,60,69,76,78,77,58,73,69,56,63,57,62,50,40,59,63,50,65,48,47,46,7,6,10,14,14
2021-2022,FIFA 22,M. Gillespie,Newcastle United,29,67,68,13,16,11,34,12,17,12,15,35,29,34,35,37,58,53,48,69,25,66,12,26,20,11,42,19,50,12,11,19,68,65,64,67,70
2021-2022,FIFA 22,N. Tella,Southampton,21,67,79,62,62,44,60,49,72,55,37,46,65,89,85,84,62,79,57,51,67,49,55,50,25,65,59,48,57,30,34,27,9,6,8,12,6
2021-2022,FIFA 22,Toti,Wolverhampton Wanderers,22,67,74,59,42,57,64,42,58,48,48,63,62,75,76,64,66,61,55,67,75,77,49,66,65,56,57,45,66,69,67,67,11,6,12,5,10
2021-2022,FIFA 22,M. Caicedo,Brighton & Hove Albion,19,67,79,44,57,40,74,40,64,35,40,68,66,75,72,68,63,70,61,72,71,62,65,65,71,57,67,40,66,68,70,68,15,6,13,9,13
2021-2022,FIFA 22,N. Patterson,Everton,19,66,80,62,38,57,61,41,62,56,31,55,62,76,82,72,53,74,60,73,73,68,41,66,62,55,54,35,58,62,63,63,7,13,9,7,8
2021-2022,FIFA 22,S. Carson,Manchester City,35,66,66,14,19,18,25,13,17,18,16,17,20,33,37,38,61,42,47,72,28,70,20,23,19,11,44,20,38,10,15,20,65,67,62,69,64
2021-2022,FIFA 22,Kayky,Manchester City,18,66,87,57,64,38,60,50,73,45,39,55,71,83,79,84,49,76,62,46,60,43,40,31,22,61,63,64,58,24,30,31,14,14,14,13,12
2021-2022,FIFA 22,S. Muñoz,Newcastle United,18,66,80,58,65,62,67,49,69,42,34,54,69,76,74,77,62,75,59,65,63,73,63,40,21,71,65,71,62,21,21,20,5,7,12,8,5
2021-2022,FIFA 22,W. Smallbone,Southampton,21,66,77,52,59,50,68,59,72,62,66,65,71,70,65,74,66,83,65,59,55,41,64,46,59,64,66,63,67,55,62,53,13,6,9,8,8
2021-2022,FIFA 22,K. Hoever,Wolverhampton Wanderers,19,66,79,64,34,53,65,40,64,56,60,55,63,73,75,67,61,64,42,71,59,62,39,64,64,45,53,43,67,62,65,59,15,8,5,14,12
2021-2022,FIFA 22,M. McGovern,Norwich City,36,66,66,11,9,18,14,15,10,11,13,26,15,32,31,44,59,33,48,52,33,49,13,18,9,6,40,14,30,9,17,12,68,64,64,66,67
2021-2022,FIFA 22,S. Greenwood,Leeds United,19,65,81,52,69,56,62,57,65,69,73,46,69,71,69,65,62,58,63,62,67,59,63,64,28,62,60,65,63,37,29,24,10,13,11,11,7
2021-2022,FIFA 22,C. Cresswell,Leeds United,18,65,82,33,23,70,69,24,46,25,30,60,62,54,52,40,52,53,39,66,57,73,23,66,64,24,33,39,59,65,66,63,11,11,13,10,11
2021-2022,FIFA 22,R. Williams,Liverpool,20,65,79,32,36,62,61,37,56,31,31,64,58,66,69,50,62,48,43,67,56,73,27,66,65,27,48,41,59,63,68,59,5,14,5,12,14
2021-2022,FIFA 22,W. Norris,Burnley,27,65,67,11,10,11,30,12,12,17,18,34,20,40,49,35,61,51,45,58,36,60,10,20,21,13,43,16,49,9,16,17,67,62,60,63,67
2021-2022,FIFA 22,R. Matthews,Crystal Palace,27,65,67,11,15,15,35,16,22,14,19,39,27,44,47,49,58,39,47,64,29,66,20,24,15,7,39,22,34,12,15,17,65,62,63,64,66
2021-2022,FIFA 22,J. Steele,Brighton & Hove Albion,30,65,65,11,15,28,53,12,12,19,15,45,36,34,36,36,59,44,50,56,29,55,12,39,11,13,40,24,52,10,18,14,63,65,67,66,64
2021-2022,FIFA 22,C. Patino,Arsenal,17,64,85,51,45,59,70,43,67,59,42,68,65,71,58,70,59,62,56,60,64,55,41,63,61,59,64,52,64,59,61,63,14,9,12,6,11
2021-2022,FIFA 22,O. Hutchinson,Arsenal,17,64,81,46,52,49,65,49,68,52,50,63,67,72,69,80,61,75,61,50,59,45,42,40,37,60,65,61,63,40,49,51,10,7,9,5,8
2021-2022,FIFA 22,C. Chukwuemeka,Aston Villa,17,64,86,53,58,46,68,52,71,55,46,67,68,67,63,57,56,75,56,50,48,61,34,58,33,66,64,58,65,43,49,54,12,12,9,11,10
2021-2022,FIFA 22,K. John,Everton,20,64,76,62,45,50,57,34,61,54,35,47,62,73,67,79,56,85,39,69,64,53,42,62,58,58,52,35,61,63,64,62,6,11,9,13,9
2021-2022,FIFA 22,T. Morton,Liverpool,18,64,79,52,40,57,69,41,67,50,50,66,69,67,63,61,60,70,55,61,62,50,48,70,58,60,61,57,70,56,64,61,12,13,5,13,12
2021-2022,FIFA 22,L. Delap,Manchester City,18,64,84,42,67,66,50,62,60,55,37,43,62,69,78,72,56,62,69,60,60,73,57,64,17,60,52,60,53,19,21,15,8,9,10,11,10
2021-2022,FIFA 22,J. Braaf,Manchester City,18,64,84,59,58,50,58,56,63,60,58,51,63,81,84,82,63,86,69,65,69,63,58,59,40,61,56,53,59,43,37,32,8,11,13,14,12
2021-2022,FIFA 22,H. Mejbri,Manchester United,18,64,84,62,50,42,67,45,67,65,46,61,65,72,69,76,68,62,54,40,64,53,50,70,52,65,64,46,68,50,56,52,9,5,10,11,7
2021-2022,FIFA 22,B. Austin,Tottenham Hotspur,22,64,72,12,9,13,19,6,14,12,11,18,17,36,29,38,51,38,41,59,20,30,9,27,6,4,32,11,45,21,12,12,69,63,55,64,62
2021-2022,FIFA 22,J. Bennett,Tottenham Hotspur,19,64,81,57,64,48,59,53,65,56,42,46,62,79,81,72,58,74,62,47,52,43,61,36,24,59,58,46,50,35,28,30,6,12,8,11,6
2021-2022,FIFA 22,H. White,Tottenham Hotspur,19,64,80,68,65,58,67,50,70,70,74,64,68,67,68,72,64,71,69,56,68,48,64,62,59,58,68,59,64,62,60,56,13,13,12,9,13
2021-2022,FIFA 22,D. Scarlett,Tottenham Hotspur,17,64,86,43,67,64,50,59,61,45,41,40,63,74,70,62,61,69,63,76,51,56,53,57,13,68,48,68,54,17,16,18,12,8,7,5,14
2021-2022,FIFA 22,D. Martin,West Ham United,35,64,64,18,15,18,33,14,16,13,19,27,30,42,36,59,64,40,49,60,38,70,14,28,15,13,44,15,60,15,12,12,63,61,65,65,63
2021-2022,FIFA 22,Y. Mosquera,Wolverhampton Wanderers,20,64,79,25,17,64,55,26,28,25,29,28,60,76,77,68,62,55,35,73,67,73,15,59,65,28,33,37,44,63,65,63,8,7,8,10,8
2021-2022,FIFA 22,J. Jach,Crystal Palace,27,64,66,48,40,67,57,41,53,40,54,61,59,53,62,52,59,54,57,76,69,81,48,67,61,43,39,36,54,60,62,63,8,6,16,8,14
2021-2022,FIFA 22,J. Sarmiento,Brighton & Hove Albion,19,64,78,60,61,43,61,52,66,58,55,54,64,84,81,74,47,74,70,34,57,55,54,30,22,59,60,60,64,27,32,30,12,9,13,14,12
2021-2022,FIFA 22,A. Okonkwo,Arsenal,19,63,79,10,6,12,28,7,9,12,20,17,17,44,44,40,58,31,42,50,29,50,7,20,11,6,30,19,30,13,13,12,62,60,56,64,65
2021-2022,FIFA 22,M. Azeez,Arsenal,18,63,82,61,50,55,71,52,67,61,57,70,63,75,67,64,65,64,65,51,60,57,54,49,46,58,61,61,60,42,45,41,14,7,5,14,12
2021-2022,FIFA 22,H. Vale,Chelsea,17,63,83,58,59,57,65,51,65,62,50,60,63,77,72,71,52,72,54,55,50,49,63,42,35,53,61,63,66,44,40,34,12,15,14,14,9
2021-2022,FIFA 22,K. Klaesson,Leeds United,20,63,76,11,10,13,33,10,19,12,13,29,28,35,33,52,59,42,46,61,24,57,12,30,11,5,42,17,43,10,14,13,63,58,61,63,68
2021-2022,FIFA 22,L. Hjelde,Leeds United,17,63,82,55,32,61,63,30,57,30,28,56,59,66,70,53,56,42,29,59,54,75,31,59,62,48,46,36,58,63,63,59,10,13,11,9,8
2021-2022,FIFA 22,L. Bate,Leeds United,18,63,83,55,52,42,73,45,63,55,51,71,65,72,71,76,57,84,57,49,70,53,49,60,53,47,70,46,64,56,57,56,10,9,7,6,10
2021-2022,FIFA 22,L. Clarkson,Liverpool,19,63,78,56,44,48,70,48,65,58,57,68,65,70,65,71,59,79,53,57,61,48,47,51,54,53,66,50,57,54,58,56,14,15,14,7,9
2021-2022,FIFA 22,B. Hardley,Manchester United,18,63,78,53,29,62,60,29,54,52,34,58,57,68,72,65,60,54,45,69,56,70,34,65,61,52,52,30,63,63,64,62,11,12,6,14,11
2021-2022,FIFA 22,Alejandro Garnacho,Manchester United,17,63,84,61,62,44,57,54,62,63,61,47,61,83,81,84,61,86,57,39,63,50,56,46,25,60,56,54,62,18,23,20,6,15,14,13,7
2021-2022,FIFA 22,J. Bowden,Tottenham Hotspur,19,63,77,52,54,54,68,47,65,52,53,64,63,64,63,59,63,61,61,62,62,58,58,65,59,59,62,56,58,60,63,59,7,11,14,13,14
2021-2022,FIFA 22,E. Jakupović,Leicester City,36,63,63,11,12,12,39,15,11,11,14,34,22,25,30,36,58,45,47,63,30,57,11,45,24,11,52,22,62,14,12,11,61,65,62,65,58
2021-2022,FIFA 22,J. Oksanen,Brentford,20,63,72,50,51,46,65,45,57,53,46,64,64,63,66,67,58,66,58,57,71,64,62,54,60,48,63,54,62,60,62,58,12,6,12,14,12
2021-2022,FIFA 22,J. Ideho,Arsenal,17,62,79,63,50,46,57,48,67,56,45,43,63,83,78,71,49,68,66,46,52,48,45,43,22,49,62,47,54,32,36,46,5,9,10,7,8
2021-2022,FIFA 22,C. Cîrjan,Arsenal,18,62,78,55,52,45,72,50,65,62,49,72,69,66,60,68,60,80,63,54,40,34,45,42,28,58,64,63,61,46,51,52,10,13,14,12,13
2021-2022,FIFA 22,B. Young,Aston Villa,18,62,77,43,64,58,54,51,62,46,43,40,60,82,77,77,57,74,64,73,66,62,59,53,14,61,55,61,57,23,20,19,15,9,10,13,15
2021-2022,FIFA 22,A. Lonergan,Everton,37,62,62,12,14,15,29,15,11,12,14,27,24,40,41,50,57,42,38,66,28,56,13,28,12,8,32,16,30,14,15,14,61,62,50,64,63
2021-2022,FIFA 22,R. Astley,Everton,19,62,78,49,29,65,58,36,44,39,34,53,49,52,51,57,58,60,44,67,42,60,34,57,63,38,49,34,62,64,65,64,8,14,6,14,8
2021-2022,FIFA 22,J. Jenkins,Leeds United,19,62,78,48,32,45,69,34,59,37,35,61,65,72,68,61,59,72,52,64,67,59,35,65,55,49,48,42,58,54,60,56,14,13,12,7,9
2021-2022,FIFA 22,L. Mbete,Manchester City,17,62,82,36,27,61,60,29,56,39,28,55,59,62,67,58,58,56,49,68,67,66,24,66,59,30,38,43,57,61,64,58,6,14,10,9,7
2021-2022,FIFA 22,R. Lavia,Manchester City,17,62,85,40,36,58,60,36,55,45,50,59,66,56,57,55,63,63,55,59,60,58,36,66,58,40,49,51,44,60,66,68,7,7,5,11,13
2021-2022,FIFA 22,S. Edozie,Manchester City,18,62,82,61,55,37,56,47,67,52,42,50,65,84,67,63,51,68,59,48,48,50,50,38,23,56,55,60,57,22,31,36,13,11,10,7,9
2021-2022,FIFA 22,J. McAtee,Manchester City,18,62,82,51,60,42,63,53,69,63,56,61,69,56,68,64,59,53,62,60,57,62,59,43,27,56,55,58,65,44,42,43,12,6,6,10,11
2021-2022,FIFA 22,S. Shoretire,Manchester United,17,62,84,52,59,53,60,51,64,59,43,54,62,70,73,84,61,87,58,33,57,55,51,62,35,63,62,45,62,33,39,31,7,7,8,5,9
2021-2022,FIFA 22,L. Cass,Newcastle United,21,62,75,52,28,58,54,30,53,41,25,46,50,64,74,62,59,53,45,72,58,75,28,62,60,42,35,44,54,61,62,59,8,9,12,12,12
2021-2022,FIFA 22,H. Lewis,Southampton,23,62,70,18,18,16,23,14,16,18,20,25,18,30,35,42,53,48,43,53,29,56,15,23,23,12,25,28,44,18,20,14,64,59,57,60,64
2021-2022,FIFA 22,M. Fagan-Walcott,Tottenham Hotspur,19,62,79,42,21,58,56,28,46,32,36,48,52,60,67,54,59,68,47,71,58,76,27,67,57,33,36,41,46,58,64,57,14,14,11,13,13
2021-2022,FIFA 22,J. Tomkinson,Norwich City,19,62,74,28,29,58,48,27,33,34,12,47,40,66,68,52,55,45,55,71,60,75,17,67,64,20,36,18,60,65,60,57,14,6,12,12,15
2021-2022,FIFA 22,T. Springett,Norwich City,18,62,77,60,61,37,65,60,63,58,42,53,65,77,80,73,44,70,70,45,50,43,55,38,26,57,50,67,47,28,34,22,9,7,10,6,5
2021-2022,FIFA 22,T. Çukur,Watford,18,62,77,41,61,62,58,56,62,42,42,47,59,53,64,45,57,32,66,51,54,84,58,57,24,59,59,63,58,26,25,22,8,5,5,5,6
2021-2022,FIFA 22,J. Rak-Sakyi,Crystal Palace,18,62,78,60,61,42,58,56,64,63,58,48,63,75,76,74,48,71,62,44,47,48,61,39,21,57,58,61,54,22,22,21,13,9,5,12,14
2021-2022,FIFA 22,M. Peart-Harris,Brentford,18,62,75,63,68,52,63,47,62,54,55,60,63,67,68,64,54,66,61,60,58,64,59,46,31,60,64,62,60,39,41,39,6,7,12,13,13
2021-2022,FIFA 22,Joel López,Arsenal,19,61,78,59,49,47,55,31,59,48,34,51,56,72,70,70,58,65,50,58,65,55,37,63,54,57,40,49,55,54,59,60,10,14,11,12,9
2021-2022,FIFA 22,Z. Swanson,Arsenal,20,61,75,54,40,53,62,41,54,47,41,60,61,62,60,59,57,55,58,59,60,58,36,61,54,47,54,56,46,56,63,62,9,9,13,13,6
2021-2022,FIFA 22,S. Oulad M'Hand,Arsenal,17,61,80,58,52,38,61,54,62,63,60,62,60,72,67,71,63,70,59,44,55,47,60,40,42,53,65,60,58,40,42,45,14,12,9,8,9
2021-2022,FIFA 22,D. Revan,Aston Villa,20,61,72,35,25,60,46,25,40,30,24,42,51,74,71,48,57,51,34,65,49,71,23,72,60,33,34,30,49,59,60,61,8,14,8,7,14
2021-2022,FIFA 22,T. Iroegbunam,Aston Villa,18,61,81,51,41,54,67,45,59,48,41,62,60,64,64,57,58,61,68,69,58,64,50,62,59,55,56,56,58,58,56,58,13,12,6,12,6
2021-2022,FIFA 22,T. Ballo,Chelsea,19,61,79,55,53,41,59,49,68,52,40,51,66,78,73,77,45,71,50,55,49,34,50,42,27,49,56,40,53,42,43,38,14,12,12,6,8
2021-2022,FIFA 22,S. McKinstry,Leeds United,18,61,79,58,56,31,63,39,62,43,40,47,63,73,72,63,51,66,54,43,61,49,44,39,31,47,54,41,56,35,46,39,6,10,15,13,13
2021-2022,FIFA 22,S. McGurk,Leeds United,18,61,80,54,61,49,67,48,59,52,53,56,61,73,72,70,63,58,59,47,55,51,64,43,34,47,60,51,59,41,47,45,5,11,7,7,5
2021-2022,FIFA 22,K. Gordon,Liverpool,16,61,84,53,59,42,58,42,64,45,30,50,61,77,71,78,57,76,55,56,57,43,54,38,22,58,57,56,61,22,24,21,13,7,6,9,7
2021-2022,FIFA 22,Z. Iqbal,Manchester United,18,61,79,52,58,45,63,49,64,54,44,60,62,62,64,77,62,75,57,48,63,53,58,54,50,63,64,49,64,48,52,47,6,10,9,8,5
2021-2022,FIFA 22,J. Turner,Newcastle United,22,61,71,13,5,13,24,5,7,12,14,25,19,18,29,40,50,48,44,58,27,49,8,21,11,4,32,14,23,9,11,13,62,60,58,61,63
2021-2022,FIFA 22,H. Ashby,West Ham United,19,61,76,59,33,50,49,30,56,59,50,40,54,74,77,64,61,67,49,66,70,58,41,56,55,47,40,39,51,53,56,54,6,11,7,14,13
2021-2022,FIFA 22,M. Shabani,Wolverhampton Wanderers,22,61,67,53,53,46,68,47,65,50,46,67,67,69,67,69,43,64,58,57,55,57,56,46,28,47,63,52,67,34,36,35,5,8,11,8,15
2021-2022,FIFA 22,J. Rowe,Norwich City,18,61,76,63,52,50,53,52,66,48,38,44,68,85,77,78,44,79,71,43,34,60,44,46,30,60,53,55,52,24,24,17,8,13,15,7,10
2021-2022,FIFA 22,B. Thomas,Burnley,20,61,74,29,28,62,51,35,40,33,33,41,46,55,59,47,57,53,44,65,53,72,24,62,59,31,38,45,47,61,64,62,13,14,6,8,14
2021-2022,FIFA 22,L. Richardson,Burnley,18,61,76,38,62,60,53,58,62,52,34,43,64,70,64,65,54,71,61,65,61,56,53,31,19,62,52,57,61,26,23,18,10,6,7,9,12
2021-2022,FIFA 22,F. Stevens,Brentford,18,61,79,63,43,44,56,31,59,35,38,55,59,65,62,65,56,74,50,65,65,61,42,60,57,51,49,33,59,62,57,52,10,11,6,11,14
2021-2022,FIFA 22,J. Olayinka,Arsenal,20,60,72,55,60,41,61,55,62,58,53,57,63,79,79,76,60,73,64,55,70,50,60,51,44,59,60,43,59,46,51,47,5,10,6,9,8
2021-2022,FIFA 22,M. Flores,Arsenal,17,60,78,46,44,42,66,54,61,52,46,62,62,85,78,82,55,78,60,56,46,34,39,42,31,43,64,58,64,34,34,33,7,7,14,8,9
2021-2022,FIFA 22,Z. Monlouis,Arsenal,17,60,75,35,26,54,53,30,50,36,29,43,40,60,61,52,52,58,48,71,61,70,22,50,63,24,39,43,49,56,68,67,7,5,10,11,5
2021-2022,FIFA 22,G. McEachran,Chelsea,20,60,74,57,41,41,67,46,61,60,56,62,64,69,56,75,54,72,47,47,55,38,49,49,45,54,64,50,63,46,59,55,8,14,7,10,5
2021-2022,FIFA 22,J. Brooking,Chelsea,18,60,80,39,21,62,41,31,39,28,35,33,40,63,59,43,49,60,47,73,58,62,25,57,59,27,34,47,47,55,68,70,8,12,8,13,9
2021-2022,FIFA 22,T. Onyango,Everton,18,60,80,45,37,58,69,45,58,43,40,69,56,63,55,52,58,43,63,55,62,66,42,69,54,65,58,50,52,44,57,56,15,6,7,6,9
2021-2022,FIFA 22,L. McCarron,Leeds United,20,60,74,61,52,43,59,47,60,41,40,48,57,79,78,76,56,73,56,45,63,47,53,36,57,51,49,54,40,46,54,49,11,14,14,12,7
2021-2022,FIFA 22,D. van den Heuvel,Leeds United,18,60,79,12,6,14,32,5,10,14,14,29,19,17,24,37,52,46,46,61,16,50,8,20,13,4,30,14,21,5,13,13,61,58,61,57,61
2021-2022,FIFA 22,A. Miller,Leeds United,18,60,77,57,59,34,45,47,62,45,38,43,57,79,76,64,60,71,58,41,65,45,42,31,30,55,52,59,50,31,31,33,10,8,8,6,7
2021-2022,FIFA 22,C. Bradley,Liverpool,17,60,78,60,35,45,56,29,60,50,27,52,58,70,75,66,57,62,42,52,57,56,32,62,56,50,48,33,45,53,57,52,15,9,10,5,10
2021-2022,FIFA 22,C. Wellens,Manchester United,18,60,76,56,54,44,61,43,54,58,40,55,59,67,69,70,62,74,61,52,69,57,50,56,53,60,51,48,57,58,59,49,9,6,7,7,9
2021-2022,FIFA 22,C. Savage,Manchester United,18,60,78,55,37,50,65,36,57,64,52,65,58,61,57,59,62,55,54,55,58,59,48,50,55,54,65,44,63,56,58,54,8,7,15,9,11
2021-2022,FIFA 22,M. Lavinier,Tottenham Hotspur,20,60,72,56,32,51,53,41,53,38,36,38,54,69,67,58,56,65,46,61,58,62,43,63,54,52,41,38,43,58,63,61,10,10,7,13,7
2021-2022,FIFA 22,A. Devine,Tottenham Hotspur,16,60,85,46,56,59,68,46,62,47,41,64,58,62,65,56,58,68,65,60,57,48,42,61,46,65,54,52,56,45,54,60,8,7,13,12,13
2021-2022,FIFA 22,M. Paskotši,Tottenham Hotspur,18,60,78,57,39,52,54,37,61,39,36,56,56,64,68,56,56,63,38,62,57,59,40,63,54,52,51,42,43,62,64,65,15,6,13,12,14
2021-2022,FIFA 22,A. Alese,West Ham United,20,60,75,34,31,59,49,34,43,34,27,44,47,69,71,53,54,58,43,73,54,75,35,60,59,39,39,28,56,60,60,57,14,6,14,10,6
2021-2022,FIFA 22,A. Okoflex,West Ham United,19,60,78,52,57,51,53,48,65,51,49,40,64,76,78,78,48,79,63,48,61,58,57,39,16,54,53,66,58,26,23,17,13,8,5,9,15
2021-2022,FIFA 22,T. Suengchitthawon,Leicester City,21,60,70,55,59,46,61,51,64,59,53,60,65,78,53,75,58,84,58,56,62,33,41,51,27,49,60,54,64,48,38,45,13,15,9,11,8
2021-2022,FIFA 22,Wanya Marçal,Leicester City,18,60,75,48,43,39,62,48,62,58,39,60,67,76,73,72,53,74,59,45,44,56,40,40,30,57,61,39,42,31,36,31,8,5,14,8,12
2021-2022,FIFA 22,C. Campbell,Wolverhampton Wanderers,18,60,78,57,54,42,57,52,66,60,54,54,65,76,75,79,51,74,62,59,55,53,53,45,31,52,54,56,56,42,45,43,11,11,12,7,7
2021-2022,FIFA 22,Hugo Bueno,Wolverhampton Wanderers,18,60,78,65,43,47,54,40,65,56,51,53,58,76,77,69,53,68,44,59,56,54,36,60,52,56,46,49,45,50,53,52,9,12,13,6,11
2021-2022,FIFA 22,D. Adshead,Norwich City,19,60,74,48,50,40,63,40,59,50,41,61,60,69,59,62,58,69,54,61,68,50,57,47,54,60,61,48,58,49,59,52,10,6,6,13,8
2021-2022,FIFA 22,F. Clarke,Norwich City,18,60,73,37,48,31,64,37,59,40,39,60,61,72,70,71,58,73,52,55,55,53,48,36,28,57,64,41,54,36,26,34,10,11,11,6,11
2021-2022,FIFA 22,K. Baah,Watford,18,60,80,49,52,42,52,41,62,45,46,47,59,87,83,74,56,78,64,54,52,61,60,50,28,54,55,48,58,30,32,24,10,6,14,7,14
2021-2022,FIFA 22,A. Gomez Mancini,Burnley,20,60,70,57,54,52,63,50,60,55,50,60,62,66,59,61,55,66,59,52,59,57,50,66,57,56,60,61,59,54,62,57,13,15,14,8,9
2021-2022,FIFA 22,M. Thompson,Burnley,19,60,69,40,60,63,57,52,55,48,35,38,62,68,64,61,54,69,61,62,50,60,58,39,21,59,52,60,53,23,21,19,10,8,13,12,8
2021-2022,FIFA 22,N. Kirby,Crystal Palace,21,60,70,54,54,34,63,42,61,41,46,61,63,73,69,78,52,87,42,53,63,49,40,42,24,56,53,49,54,39,41,39,13,7,6,8,10
2021-2022,FIFA 22,A. Tsoungui,Brighton & Hove Albion,18,60,77,33,30,58,39,28,37,33,34,28,34,56,55,47,52,51,50,71,54,77,26,54,60,32,33,45,45,52,67,69,13,8,12,12,12
2021-2022,FIFA 22,B. Cottrell,Arsenal,19,59,73,53,54,50,63,55,61,63,49,62,61,67,56,63,56,71,59,53,48,48,50,43,31,51,56,57,63,36,38,43,6,9,10,9,7
2021-2022,FIFA 22,L. Hall,Chelsea,16,59,80,60,46,52,65,49,61,55,55,64,60,73,70,75,58,77,53,56,56,48,50,60,56,51,60,55,56,59,53,56,14,8,9,8,14
2021-2022,FIFA 22,J. Wilson-Esbrand,Manchester City,18,59,77,53,28,50,46,28,63,37,37,38,50,78,76,62,55,82,34,62,56,51,32,58,53,53,43,45,44,50,59,58,5,15,12,5,8
2021-2022,FIFA 22,C. Egan-Riley,Manchester City,18,59,76,40,25,59,55,30,53,40,27,50,58,60,63,55,56,59,47,66,65,60,23,59,60,32,39,42,56,57,60,56,14,5,6,7,8
2021-2022,FIFA 22,D. Mellor,Manchester United,20,59,73,49,58,57,54,47,59,42,40,40,57,73,71,72,57,58,60,60,66,64,52,63,38,59,60,51,57,41,39,32,6,13,11,7,11
2021-2022,FIFA 22,W. Fish,Manchester United,18,59,76,34,29,61,50,29,49,29,24,49,45,55,53,56,57,46,45,72,59,71,30,65,58,25,40,35,53,56,59,57,14,9,9,9,14
2021-2022,FIFA 22,D. Langley,Newcastle United,20,59,73,12,7,10,24,6,14,10,12,21,14,30,18,42,48,28,41,43,27,63,7,20,11,6,24,11,23,6,14,12,61,58,54,60,60
2021-2022,FIFA 22,T. Nevers,West Ham United,19,59,75,54,56,44,52,48,63,44,41,43,61,80,80,72,48,70,64,57,57,59,53,47,23,55,47,52,52,25,30,25,8,10,13,10,6
2021-2022,FIFA 22,T. Perry,Wolverhampton Wanderers,19,59,72,52,56,39,62,52,64,59,63,59,62,69,72,75,58,70,59,64,54,57,55,57,51,61,56,40,59,47,52,48,13,7,11,11,12
2021-2022,FIFA 22,L. Cundle,Wolverhampton Wanderers,19,59,76,55,56,38,66,51,55,51,52,65,58,74,63,76,53,81,59,50,59,32,58,55,49,54,60,47,60,50,52,50,14,12,6,6,13
2021-2022,FIFA 22,H. Wise,Watford,21,59,69,48,42,60,69,50,58,50,43,69,57,62,53,58,58,76,66,57,61,45,41,62,51,55,51,57,45,47,56,55,8,9,7,6,7
2021-2022,FIFA 22,S. Banks,Crystal Palace,19,59,73,57,55,49,58,48,63,63,62,54,61,76,71,60,44,67,60,49,44,51,61,34,26,53,55,61,52,29,33,30,14,12,6,12,7
2021-2022,FIFA 22,J. Giddings,Crystal Palace,19,59,71,51,37,57,65,42,54,45,45,56,56,55,51,59,61,69,58,62,57,62,38,62,56,37,43,48,44,57,57,59,14,9,12,12,6
2021-2022,FIFA 22,U. Eneme-Ella,Brighton & Hove Albion,20,59,69,51,47,39,59,46,64,53,53,53,64,65,64,64,60,57,60,52,34,64,45,40,31,54,58,57,58,48,38,43,13,10,8,9,12
2021-2022,FIFA 22,O. Offiah,Brighton & Hove Albion,18,59,79,53,32,48,36,29,66,36,38,30,42,68,61,53,59,61,29,57,51,65,35,57,61,49,36,42,40,56,70,63,14,15,9,7,13
2021-2022,FIFA 22,P. Maghoma,Brentford,20,59,73,46,48,44,64,44,60,46,47,61,62,70,69,58,52,60,62,55,60,59,54,58,52,54,62,51,60,54,54,52,11,7,12,11,10
2021-2022,FIFA 22,N. Young-Coombes,Brentford,18,59,79,57,68,42,58,40,57,39,35,40,56,71,66,58,61,72,64,54,60,52,50,50,16,59,57,58,52,13,19,15,9,12,10,15,12
2021-2022,FIFA 22,B. Chrisene,Aston Villa,17,58,81,61,46,36,56,40,73,42,37,53,61,74,70,69,54,72,48,58,55,56,40,45,52,39,47,48,50,54,55,52,5,6,10,9,12
2021-2022,FIFA 22,L. Bogarde,Aston Villa,17,58,78,50,42,59,58,41,58,50,43,56,61,64,52,57,58,64,56,56,60,58,38,67,53,38,43,55,49,54,60,61,9,10,11,13,10
2021-2022,FIFA 22,L. Dobbin,Everton,18,58,77,36,57,51,56,52,60,48,36,42,55,76,82,74,58,70,60,46,44,47,54,33,14,57,52,62,49,20,15,15,7,13,6,6,6
2021-2022,FIFA 22,A. Robertson,Manchester City,18,58,78,44,36,55,67,44,61,49,42,66,62,69,69,58,60,76,64,59,53,42,47,63,43,63,49,55,51,50,49,57,12,8,14,5,5
2021-2022,FIFA 22,R. Savage,Newcastle United,19,58,72,44,24,60,55,29,44,45,29,52,53,64,66,59,52,55,50,65,51,63,24,62,53,47,42,30,54,56,61,60,8,10,13,9,14
2021-2022,FIFA 22,K. Chauke,Southampton,18,58,75,44,44,37,60,49,60,52,49,57,59,73,70,71,55,75,56,45,49,36,41,44,29,48,57,54,50,40,41,36,15,5,6,9,8
2021-2022,FIFA 22,T. Small,Southampton,16,58,77,54,28,49,38,30,56,41,39,33,49,79,77,71,56,75,31,62,61,60,31,56,50,47,38,47,48,50,59,57,5,6,13,11,13
2021-2022,FIFA 22,P. Ekwah Elimby,West Ham United,19,58,75,37,30,54,57,33,52,48,50,58,55,64,66,41,48,57,48,71,72,70,49,63,55,31,55,33,54,53,55,57,14,14,15,12,8
2021-2022,FIFA 22,R. Harker,Burnley,21,58,67,33,59,57,49,49,54,39,29,33,57,69,64,65,57,67,62,66,50,58,53,39,30,55,43,55,51,20,24,20,9,11,14,12,13
2021-2022,FIFA 22,M. Helm,Burnley,19,58,69,48,53,40,58,40,58,44,60,57,55,68,68,70,60,70,62,56,59,55,58,40,42,56,59,43,57,39,34,29,11,10,6,13,9
2021-2022,FIFA 22,O. Dodgson,Burnley,18,58,70,62,39,51,53,39,59,51,45,47,55,68,61,59,52,66,48,57,63,52,44,58,51,49,48,31,41,49,56,52,6,11,13,9,9
2021-2022,FIFA 22,K. Phillips,Crystal Palace,19,58,72,50,46,55,58,43,56,54,44,54,57,59,57,57,62,59,56,68,75,79,51,61,60,59,57,46,58,58,49,44,7,11,14,6,14
2021-2022,FIFA 22,T. Adaramola,Crystal Palace,17,58,75,51,48,46,50,43,53,35,39,47,54,81,75,73,52,72,55,63,56,46,47,63,54,53,46,49,40,53,54,52,15,13,12,7,6
2021-2022,FIFA 22,H. Roberts,Brighton & Hove Albion,19,58,75,49,41,50,60,46,52,44,42,51,50,68,74,67,52,71,48,83,58,70,46,51,58,39,49,48,45,55,60,56,14,14,12,13,12
2021-2022,FIFA 22,E. Ferguson,Brighton & Hove Albion,16,58,80,40,60,49,49,47,57,45,27,36,55,70,72,66,57,69,56,65,60,61,56,45,13,59,53,57,54,14,13,14,9,8,14,12,11
2021-2022,FIFA 22,E. Turns,Brighton & Hove Albion,18,58,75,29,24,59,46,33,46,32,37,30,52,64,63,49,55,61,45,72,50,62,30,60,58,27,42,49,56,56,60,58,14,14,9,14,7
2021-2022,FIFA 22,A. Moran,Brighton & Hove Albion,17,58,76,48,53,45,57,48,59,56,51,57,68,60,63,57,63,70,62,53,34,52,49,48,25,45,55,59,68,45,38,48,12,15,14,13,15
2021-2022,FIFA 22,D. Oyegoke,Brentford,18,58,74,52,37,40,55,34,59,34,36,48,50,73,72,63,50,52,38,56,50,52,29,54,52,51,43,42,41,50,63,62,8,6,5,6,12
2021-2022,FIFA 22,H. Lindley,Aston Villa,18,57,71,51,36,59,59,43,55,47,46,57,58,68,68,51,55,65,70,61,56,57,42,68,49,58,55,55,44,50,56,58,10,12,10,6,15
2021-2022,FIFA 22,S. McClelland,Chelsea,19,57,73,33,26,59,43,34,37,31,29,37,41,49,53,40,47,55,48,63,52,68,28,55,57,25,33,33,46,56,58,58,10,9,5,12,10
2021-2022,FIFA 22,K. Moore,Leeds United,17,57,76,42,16,59,60,26,45,22,20,48,51,53,55,45,43,59,34,62,55,61,17,62,57,25,23,34,56,58,54,53,8,10,11,15,6
2021-2022,FIFA 22,T. Clayton,Liverpool,20,57,72,32,28,54,50,31,40,29,37,42,45,62,60,55,51,67,41,75,51,65,29,54,58,29,30,43,50,55,59,57,6,14,8,12,6
2021-2022,FIFA 22,B. Koumetio,Liverpool,18,57,77,33,29,54,48,28,31,36,28,40,37,51,55,41,48,44,45,57,54,65,23,57,57,31,40,40,50,55,62,59,14,11,6,14,9
2021-2022,FIFA 22,O. Olufunwa,Southampton,19,57,67,55,30,49,48,28,52,37,40,39,50,71,67,53,53,47,36,64,56,50,32,50,51,43,40,40,47,50,55,56,11,15,12,9,11
2021-2022,FIFA 22,B. Lyons-Foster,Tottenham Hotspur,20,57,72,36,21,59,50,30,32,33,28,30,43,60,55,48,48,63,42,63,55,65,23,57,58,30,39,47,49,54,60,55,6,10,9,8,6
2021-2022,FIFA 22,J. Baptiste,West Ham United,17,57,78,36,28,54,51,31,39,31,33,48,45,67,63,48,53,48,40,69,49,67,30,55,55,26,39,35,50,55,59,56,11,14,13,13,7
2021-2022,FIFA 22,D. Chesters,West Ham United,19,57,69,56,42,33,56,40,59,53,47,50,60,70,68,77,44,81,46,59,53,46,45,44,27,49,55,46,57,35,32,29,6,6,8,9,8
2021-2022,FIFA 22,S. Perkins,West Ham United,17,57,75,43,56,55,53,48,55,48,42,42,57,67,70,59,57,65,58,72,55,54,55,49,20,59,51,53,57,21,20,20,13,14,6,12,11
2021-2022,FIFA 22,J. Morris,Watford,19,57,66,52,34,55,38,29,58,38,39,35,51,60,63,52,57,56,37,54,60,62,28,55,55,47,37,50,44,54,58,55,13,14,9,14,8
2021-2022,FIFA 22,L. Gordon,Brentford,20,57,67,54,40,46,49,38,54,42,39,42,53,77,79,70,48,72,43,62,60,41,39,55,48,43,45,47,45,49,55,54,9,14,8,12,8
2021-2022,FIFA 22,M. Cox,Brentford,18,57,77,8,7,9,35,6,8,13,10,36,21,33,26,36,50,43,47,59,20,36,6,20,9,9,30,10,32,7,10,11,58,58,62,54,55
2021-2022,FIFA 22,M. Haygarth,Brentford,19,57,71,48,54,37,54,47,61,57,52,41,60,67,68,74,52,77,51,45,44,49,51,43,25,52,56,52,53,31,27,23,12,6,8,10,12
2021-2022,FIFA 22,S. Swinkels,Aston Villa,17,56,75,28,24,59,46,35,32,28,29,33,36,53,52,40,51,49,50,71,55,63,23,54,56,29,38,48,47,50,58,61,14,10,6,10,13
2021-2022,FIFA 22,T. O'Reilly,Aston Villa,17,56,76,49,55,56,59,51,59,60,53,57,60,62,67,60,53,81,69,59,51,46,52,45,46,55,58,61,69,44,53,62,14,9,15,12,13
2021-2022,FIFA 22,A. Raikhy,Aston Villa,18,56,71,51,38,58,62,45,53,50,48,59,60,61,62,50,54,62,54,62,52,57,46,62,51,55,56,51,52,52,58,56,6,7,8,10,13
2021-2022,FIFA 22,L. Bergström,Chelsea,18,56,75,11,9,14,27,7,8,12,11,28,14,17,33,35,44,29,44,39,24,65,6,24,9,7,29,17,31,6,12,11,57,56,58,54,57
2021-2022,FIFA 22,A. Diallo,West Ham United,18,56,71,52,50,35,52,49,58,53,40,40,56,77,73,77,48,83,50,68,51,39,52,45,27,54,49,50,55,27,21,20,13,14,13,14,15
2021-2022,FIFA 22,K. Appiah-Forson,West Ham United,19,56,71,47,44,40,57,41,56,42,44,55,56,72,67,75,58,82,52,71,74,49,49,64,52,47,53,46,49,47,54,51,13,11,8,5,12
2021-2022,FIFA 22,M. Pochettino,Watford,20,56,71,54,46,49,52,56,57,52,41,52,51,75,76,58,41,62,50,46,47,40,48,37,25,55,52,68,53,34,29,33,11,10,6,10,13
2021-2022,FIFA 22,J. McKiernan,Watford,19,56,61,53,52,54,59,44,56,46,48,57,56,64,64,62,57,60,59,62,59,61,41,59,42,54,54,52,53,39,42,55,14,11,11,14,13
2021-2022,FIFA 22,J. Furlong,Brighton & Hove Albion,19,56,75,55,25,42,52,25,51,38,31,51,49,65,60,60,55,63,36,59,50,50,32,52,54,36,26,29,50,56,54,53,12,8,9,10,14
2021-2022,FIFA 22,Z. Emmerson,Brighton & Hove Albion,16,56,75,40,57,46,57,42,58,45,27,39,55,70,73,72,53,62,54,47,53,43,47,38,20,52,47,51,50,17,22,18,7,13,9,6,6
2021-2022,FIFA 22,M. Leonard,Brighton & Hove Albion,19,56,71,44,38,54,59,45,58,50,44,56,56,65,64,62,56,67,58,63,65,56,48,62,52,57,56,50,57,54,53,54,6,10,8,8,5
2021-2022,FIFA 22,V. Sinisalo,Aston Villa,19,55,72,14,8,12,17,9,11,14,13,17,18,26,20,38,45,24,43,37,26,57,7,20,10,4,29,14,30,5,13,11,57,54,57,51,60
2021-2022,FIFA 22,J. Feeney,Aston Villa,16,55,81,37,27,54,50,30,32,32,37,35,42,55,55,35,50,57,47,60,59,57,25,51,56,25,37,43,55,50,64,58,11,13,13,5,14
2021-2022,FIFA 22,R. Finnigan,Southampton,17,55,73,47,39,47,61,42,59,48,49,60,52,67,55,66,54,65,65,49,63,52,48,62,50,52,50,52,48,44,49,44,11,14,14,12,7
2021-2022,FIFA 22,K. Olaigbe,Southampton,18,55,67,43,57,45,49,56,56,53,46,46,54,71,76,67,39,70,63,39,45,49,49,36,26,55,54,58,53,20,31,30,7,6,9,6,9
2021-2022,FIFA 22,L. Payne,Southampton,17,55,67,50,28,38,46,29,46,37,34,35,47,68,57,56,53,43,40,59,61,54,30,61,55,39,37,39,40,51,53,50,11,9,5,10,6
2021-2022,FIFA 22,T. Omole,Tottenham Hotspur,21,55,66,42,35,53,48,28,42,35,32,41,45,68,65,55,45,44,48,58,65,67,31,53,50,36,45,40,47,50,57,55,12,14,6,13,7
2021-2022,FIFA 22,L. Brunt,Leicester City,20,55,69,43,30,46,65,38,51,38,42,62,53,66,61,53,55,69,57,55,62,48,41,52,47,49,52,43,45,41,45,46,7,13,13,10,10
2021-2022,FIFA 22,J. Hodge,Wolverhampton Wanderers,18,55,72,49,38,48,58,37,55,43,41,55,58,71,66,69,58,76,56,56,53,57,51,67,46,51,55,53,57,44,52,50,12,8,5,15,8
2021-2022,FIFA 22,H. Birtwistle,Wolverhampton Wanderers,17,55,72,51,50,44,51,41,46,44,47,50,47,82,83,76,47,67,54,60,58,41,48,59,48,52,46,42,44,45,49,48,7,9,6,7,13
2021-2022,FIFA 22,L. Gibbs,Norwich City,18,55,70,49,48,49,57,40,53,41,37,56,55,69,66,66,55,73,52,63,53,41,50,55,51,53,56,38,50,44,52,44,7,8,5,15,10
2021-2022,FIFA 22,R. Hannam,Crystal Palace,20,55,67,53,34,43,49,31,49,38,43,39,50,67,76,63,48,70,32,61,48,42,30,45,46,44,38,43,42,51,54,52,9,14,8,7,14
2021-2022,FIFA 22,O. Hesketh,Wolverhampton Wanderers,18,54,70,51,53,48,55,50,55,57,52,54,57,72,73,68,50,70,61,56,58,44,54,48,48,54,53,54,55,44,46,47,14,9,12,7,8
2021-2022,FIFA 22,J. McCracken,Norwich City,21,54,66,11,7,13,22,9,7,10,14,25,11,33,30,42,34,49,43,69,23,45,5,28,10,6,30,19,30,9,12,14,55,56,57,56,55
2021-2022,FIFA 22,T. McGill,Brighton & Hove Albion,21,54,66,14,5,10,16,8,12,13,10,21,19,20,17,29,43,49,44,57,23,46,9,27,13,7,30,10,34,10,12,12,56,53,59,50,55
2021-2022,FIFA 22,J. Mukendi,Tottenham Hotspur,20,53,63,62,43,43,56,55,52,56,47,57,56,62,60,52,36,67,57,42,54,36,49,32,21,51,50,65,51,32,28,29,6,13,12,15,15
2021-2022,FIFA 22,C. Hulme,Leicester City,20,53,67,42,47,40,59,38,50,49,41,57,54,70,72,79,53,84,49,49,45,39,56,51,50,46,54,42,53,49,50,50,5,10,13,12,11
2021-2022,FIFA 22,C. Carty,Wolverhampton Wanderers,19,53,61,46,49,50,48,50,51,49,39,41,50,64,65,59,50,58,61,63,54,56,50,37,19,52,48,52,47,17,22,22,15,10,14,7,9
2021-2022,FIFA 22,R. Riley,Norwich City,18,52,72,37,36,46,56,36,50,31,38,58,53,62,61,50,53,57,51,62,61,55,38,53,42,51,52,42,42,34,39,49,10,15,14,10,8
2021-2022,FIFA 22,J. McGlynn,Burnley,18,51,62,31,56,51,42,42,51,43,38,38,55,53,51,59,41,68,51,63,58,48,44,32,17,53,48,50,45,19,15,20,8,9,7,7,6
2021-2022,FIFA 22,Á. Onódi,Aston Villa,19,50,66,13,5,13,15,6,7,13,10,22,16,31,21,36,31,21,35,33,23,60,8,27,6,7,32,17,22,8,13,11,49,52,47,44,62
2021-2022,FIFA 22,C. Slicker,Manchester City,18,50,67,12,8,10,17,9,8,10,12,29,18,30,22,21,41,22,37,33,24,51,8,27,10,4,37,19,36,8,12,11,45,59,49,41,53
2021-2022,FIFA 22,S. Waller,Burnley,17,48,59,13,9,12,20,8,10,10,14,21,19,25,32,38,31,34,36,49,16,60,7,21,7,6,25,13,27,9,12,10,48,52,48,47,50
